,id,subject,text,classificacao,date,retweets,favorites,permalink
0,1.124513050218893e+18,macaco marielle,Marielle >BANDIDOS Narco-traficantes-Milícias pisou na bola PCC >Mandante do crime #Brazão do PT #OrganizaçãoCriminosa Assassinada por THIAGO- MACACO Midia para de acusar quem destruiu a sonhada #GRANDEPATRIA @ECantanhede @CarvalhosaMo @CarlosBolsonaro @RenovMidia @roxmo @SITEFCS pic.twitter.com/8HTb0VVmj8,fake,2019-05-04 0:16,0,0,https://twitter.com/MRTT_/status/1124513050218893312
1,1.1240493710064763e+18,macaco marielle,"Bem, as últimas noticias a respeito disso que o verdadeiro assassino de Marielle não é aqueles acusados senão um elemento de codinome  Macaco "". Ou seja, não colou a relação Bolsonaro x Marielle . Reveja suas fontes.""",fake,2019-05-02 17:33,0,0,https://twitter.com/EvaristoKlebber/status/1124049371006476293
5,1.1192950292043981e+18,macaco marielle,@jornalnacional convivi com notícias da Marielle durante 3 meses quase todos os dias. Porque pararam as reportagens? Só porque se descobriu que seu matador foi Thiago macaco ? Negro favelado e ligado ao tráfico? Bonemer vc é o supra sumo do ridículo .,fake,2019-04-19 14:41,0,0,https://twitter.com/luiztemper/status/1119295029204398080
10,1.1145825456252273e+18,macaco marielle,"O Cesari Battisti confessou seus crimes, a esquerda calou; o assassino de MARIELLE foi descoberto, a esquerda se calou e agora o Luladrão confessou, a esquerda meteu a língua onde o macaco meu o caju. Demagogos, hipocritas e fariseus",fake,2019-04-06 14:36,0,0,https://twitter.com/GrimoaldoL/status/1114582545625227333
11,1.1132459115918623e+18,macaco marielle,[Agência Lupa] Verificamos: É falso que Thiago Macaco foi identificado como assassino de Marielle https:// piaui.folha.uol.com.br/lupa/2019/04/0 1/verificamos-marielle-preso-thiago/ …,true,2019-04-02 22:04,1,0,https://twitter.com/antmarobel/status/1113245911591862272
12,1.1132093046671072e+18,macaco marielle,NO AR. Thiago Macaco não é acusado pela polícia de assassinar Marielle . https:// aosfatos.org/noticias/thiag o-macaco-nao-e-acusado-pela-policia-de-assassinar-marielle/ … pic.twitter.com/RucmWUvSoT,true,2019-04-02 19:39,10,16,https://twitter.com/aosfatos/status/1113209304667107329
14,1.1120133406861434e+18,macaco marielle,"Já descobriram quem mandou? A quem a Marielle incomodava, afinal? Desde sempre se soube da ligação entre o tráfico e as milícias. Estão dando agora uma de ingênuos? A notícia do thiago macaco já é antiga.",true,2019-03-30 12:26,2,2,https://twitter.com/Zapata_Taco/status/1112013340686143488
15,1.1116401680989184e+18,macaco marielle,Thiago Macaco é preso por envolvimento com a morte de Marielle - Brasil - iG https:// ultimosegundo.ig.com.br/brasil/2018-05 -30/marielle-franco-thiago-macaco.html …,fake,2019-03-29 11:44,3,3,https://twitter.com/pmmvander/status/1111640168098918400
16,1.111561080797569e+18,macaco marielle,"Vamos falar de Marielle ? Parou de falar dela porque? Por que Thiago Macaco do partido vermelho, preto, pobre, traficante confessou? Vc é muito cafageste Boulos! https:// twitter.com/GuilhermeBoulo s/status/1111372441551433728 …",fake,2019-03-29 6:29,2,4,https://twitter.com/EgeuJunior/status/1111561080797569024
28,1.0781270796050473e+18,macaco marielle,"Assassino bolsonarista é boa hahahahahaha Quanto a morte da tal Marielle , O Thiago Macaco (negro e pobre) ta preso. A Marielle foi morta pelos mesmos assassinos que o PSOL costuma defender.",fake,2018-12-27 0:15,0,0,https://twitter.com/HubnerLobo/status/1078127079605047296
29,1.0773498751955272e+18,macaco marielle,"Quem matou Marielle foi um traficante chamado Tiago Macaco . Traficante. Bandido. Vocês criaram o Frankstein e ele se voltou contra vocês. Mas o culpado tem que ser a polícia, não é mesmo?",fake,2018-12-24 20:46,0,0,https://twitter.com/direitasalva/status/1077349875195527168
33,1.040670021440168e+18,macaco marielle,"Quem matou Marielle ? Resposta: Thiago Macaco , homem negro, pobre e ligado ao tráfico pic.twitter.com/3aRayciINB",fake,2018-09-14 15:34,0,1,https://twitter.com/DireitaTrends/status/1040670021440167942
35,1.0406361005434305e+18,macaco marielle,"Na realidade não moça O suspeito foi um traficante “Thiago macaco ” se eu não me engano E nenhuma pessoa de posição política contrária à de Marielle foi indiciada como suspeita, então não foi um crime político, foi mais uma mulher que sofreu na mão da violência brasileira",fake,2018-09-14 13:19,0,10,https://twitter.com/truyts_/status/1040636100543430656
37,1.0396485192908554e+18,macaco marielle,"A esquerda atualmente está defendendo o cara que quase matou Bolsonaro, pois bem, que passemos a considerar que Tiago Macaco , o homem que matou Marielle Franco, é completamente inocente do caso:)",fake,2018-09-11 19:54,0,2,https://twitter.com/P3dro85809111/status/1039648519290855425
39,1.0378160200676557e+18,macaco marielle,"Que mundo vc vive? Quem matou a Marielle Foi Thiago macaco . Mas como o assassino é negro,vcs ficam se fazendo de desentendidos.",fake,2018-09-06 18:33,0,0,https://twitter.com/caioloxas/status/1037816020067655681
40,1.0370225763615704e+18,macaco marielle,"Errou! Tiago Macaco foi preso por envolvimento na morte do colaborador do Siciliano. Posteriormente foi divulgado pela mídia que ele teria participação na morte da Marielle e que não teria sido o assassino como você disse, mas sim o responsável pela clonagem do Cobalt. Fake News",true,2018-09-04 14:00,0,0,https://twitter.com/mcout_/status/1037022576361570313
42,1.0090872999912979e+18,macaco marielle,"Não há o Caso Marielle "" fora da imprensa. Já identificaram o assassino. O ex-presidiario Marcelo Macaco . Só que a esquerda não se conforma dele NÃO ser loiro de olhos azuis...""",fake,2018-06-19 11:55,0,0,https://twitter.com/senorseb/status/1009087299991298048
46,1.0051741920552264e+18,macaco marielle,"Assassino de Marielle foi descoberto! É Thiago Macaco , preto, pobre e traficante #boato http://www. boatos.org/politica/assas sino-marielle-thiago-macaco.html …",fake,2018-06-08 16:46,0,0,https://twitter.com/vivian_olive/status/1005174192055226368
56,1.0044735479332739e+18,macaco marielle,"Ao contrário das ilações do PSOL e Marcelo Freixo apontarem o provável assassino de Marielle como um homem branco, da PM e homofóbico, eis que a investigação chegou em Thiago Macaco que é negro, de origem pobre e ligado ao tráfico. A esquerda mente e silencia! #MarielleAusente pic.twitter.com/46kiqR6yPQ",fake,2018-06-06 18:22,1,3,https://twitter.com/DireitaTrends/status/1004473547933274113
60,1.0043701220714739e+18,macaco marielle,"Vamos voltar a falar de Marielle . MARIELLE VIVE.Foi assassinada por THIAGO MACACO . Ele NÃO MERECE PUNIÇÃO. Thiago Macaco é VÍTIMA DA SOCIEDADE OPRESSORA. Negro,pobre,apelido racista,sem oportunidades na sociedade. #ThiagoMacacoLivre Chamem @mariadorosario @lucianagenro @psol50",fake,2018-06-06 11:31,16,39,https://twitter.com/SrtaLawyerBr17/status/1004370122071474178
62,1.004302553016828e+18,macaco marielle,Marielle morta pelo Macaco ... Huahuhahahhahaha,fake,2018-06-06 7:02,0,0,https://twitter.com/senorseb/status/1004302553016827904
63,1.0041667653190205e+18,macaco marielle,"Ah cara, ainda estão tentando culpar a vítima pela morte cruel! Jogando o tal Macaco como culpado do assassinato de Marielle (o que ainda não foi confirmado) e dizendo que ela foi culpada por defender negro e “bandido”! É mais fácil fazer isso que admitir o racismo né?",true,2018-06-05 22:03,0,1,https://twitter.com/misscamafeu/status/1004166765319020546
64,1.0040573857685053e+18,macaco marielle,"Alô fakenews! O Thiago Macaco é só um dos suspeitos da morte da Marielle (que inclusive foi assassinada por um grupo de pessoas) - dentre outros suspeitos também tem o vereador Siciliano (PHS), envolvido com milícias, o ex-PM e chefe de milícia Orlando Oliveira, etc.",true,2018-06-05 14:48,0,1,https://twitter.com/princesa_otavio/status/1004057385768505344
67,1.00373285916792e+18,macaco marielle,O assassino da Marielle é um negro pobre e traficante com apelido de Macaco . E agora? cadê os esquerdistas? Jean Willis? Sakamoto? Maria do Rosario? Boulos? Manuela? PSOL? Cadê os artistas globais? Sumiram?,fake,2018-06-04 17:18,2,1,https://twitter.com/tadificil17/status/1003732859167920129
75,1.0025048835792077e+18,macaco marielle,"Preso suspeito de envolvimento no assassinato de Marielle . Preto, Pobre e de periferia Thiago Macaco "". O advogado de defesa deve ser do PSOL. pic.twitter.com/rLYxvHS9ph""",fake,2018-06-01 7:59,9,12,https://twitter.com/Eliseu_SS/status/1002504883579207680
77,1.0022421776642497e+18,macaco marielle,"Vixi, agora funde a cabeça dos hipócritas de plantão! Envolvido no assassinato de Marielle é negro e chamado de Macaco ! https:// glo.bo/2xt5ZaK pic.twitter.com/UW4MrtJHVG",fake,2018-05-31 14:35,0,0,https://twitter.com/giuseppe_mazzeo/status/1002242177664249856
79,1.0022402579228713e+18,macaco marielle,"Que? Então quer dizer que o matador de Marielle Presente é um negro e é chamado de Macaco ? Vixi, vai dar nó na cabeça da hipocrisia! E agora? - obs.: Presente é o sobrenome dela? pic.twitter.com/8yW7LeJCY8",fake,2018-05-31 14:27,1,1,https://twitter.com/giuseppe_mazzeo/status/1002240257922871297
80,1.0022077793758701e+18,macaco marielle,"Prisão de 'Thiago Macaco ' não está relacionado ao caso Marielle , diz delegado http:// dlvr.it/QVksGm",true,2018-05-31 12:18,0,0,https://twitter.com/jornaltijucas/status/1002207779375869952
81,1.00220242052352e+18,macaco marielle,"Prisão de 'Thiago Macaco ' não está relacionado ao caso Marielle , diz delegado http:// radiovoxbrazil.com/2018/05/prisao -de-thiago-macaco-nao-esta-relacionado-ao-caso-marielle-diz-delegado/ …",true,2018-05-31 11:57,0,0,https://twitter.com/BrazilVox/status/1002202420523520002
83,1.0021928525904486e+18,macaco marielle,"Prisão de 'Thiago Macaco ' não está relacionado ao caso Marielle , diz delegado - http:// news.jornaltijucas.com.br/prisao-de-thia go-macaco-nao-esta-relacionado-ao-caso-marielle-diz-delegado/ …",true,2018-05-31 11:19,0,0,https://twitter.com/jornalfloripa/status/1002192852590448641
87,1.001959814967292e+18,macaco marielle,"Polícia prende Thiago Macaco , suspeito de envolvimento com milícia de Jacarepaguá e citado por delator do caso Marielle . #rpnm2018 pic.twitter.com/2cq6whl6cR",fake,2018-05-30 19:53,0,0,https://twitter.com/brunoestrellah/status/1001959814967291905
88,1.0019284023901266e+18,macaco marielle,"Thiago Bruno Mendonça foi preso no shopping Nova América na tarde desta terça (30). Conhecido como Thiago Macaco , ele é acusado de envolvimento nas mortes da vereadora Marielle ... http://www. portaldolitoralpb.com.br/policia-prende -suspeito-de-envolvimento-no-caso-marielle/ …",fake,2018-05-30 17:48,0,0,https://twitter.com/LuizClaudiopb/status/1001928402390126592
89,1.0019212030225816e+18,macaco marielle,"Preso suspeito pela Morte de Marielle Franco, mais conhecido como Thiago  Macaco "",já podem retirar o argumento de que Marielle morreu por ser negra pic.twitter.com/trkRVwWZjh""",fake,2018-05-30 17:20,1,7,https://twitter.com/BrasileirosFirs/status/1001921203022581760
90,1.0019204609326899e+18,macaco marielle,"Thiago macaco , suspeito de estar envolvido na execução de Marielle Franco, foi preso no shopping nova América.",fake,2018-05-30 17:17,0,0,https://twitter.com/Alfredo_Carlos1/status/1001920460932689922
95,1.0019009983346033e+18,macaco marielle,"Dois meses depois... homem conhecido como Thiago Macaco (33) foi preso ontem no Rio. É suspeito de envolvimento no assassinato da vereadora Marielle /PSOL, mas foi preso pela morte de Carlos Alexandre Pereira, o Cabeça, colaborador do vereador Marcello Siciliano/(PHS).",fake,2018-05-30 15:59,3,3,https://twitter.com/BohnGass/status/1001900998334603265
157,1.1236004608694559e+18,dilma pablo escobar,"A foto, na verdade, não mostra @dilmabr e nem o traficante Pablo Escobar , e sim Miguel Ángel Zuvic e sua esposa, Ema. Zuvic é pai da política argentina @MarianaZuvic . Os outros 2 adultos na foto de fato são Néstor e Cristina Kirchner. Confira em: http:// bit.ly/2DHfdRd . pic.twitter.com/lszQYK89jb",true,2019-05-01 11:50,22,53,https://twitter.com/agencialupa/status/1123600460869455878
161,1.1233156237764077e+18,dilma pablo escobar,"Estadão: Foto antiga é usada para alegar falsa reunião entre casal Kirchner, Dilma e Pablo Escobar . Apelação escrota da direita chega a níveis de perversidade. #Venezuela https:// politica.estadao.com.br/blogs/estadao- verifica/foto-antiga-e-usada-para-alegar-falsa-reuniao-entre-casal-kirchner-dilma-e-pablo-escobar/ … via @GoogleNews",true,2019-04-30 16:58,4,3,https://twitter.com/patativaparana/status/1123315623776407552
164,1.1231903032325448e+18,dilma pablo escobar,"Montagem em foto antiga coloca casal Kirchner, Dilma e Pablo Escobar em falsa reunião - O Popular http:// bit.ly/2Wkiu0l",true,2019-04-30 8:40,3,5,https://twitter.com/CiroGomesNews/status/1123190303232544768
168,1.1229688099613368e+18,dilma pablo escobar,"A imagem com mensagem falsa ainda diz que os ex-presidentes argentinos Néstor e Cristina Kirchner estariam na foto. Os políticos peronistas de fato estão na foto, mas Dilma e Pablo Escobar , não.",true,2019-04-29 18:00,0,1,https://twitter.com/GaudTorquato/status/1122968809961336834
169,1.12296877206161e+18,dilma pablo escobar,Um boato antigo que alega que a ex-presidente Dilma Rousseff aparece em foto com Pablo Escobar voltou a circular no Facebook. Não é verdade que a petista tenha posado ao lado do famoso traficante colombiano.,true,2019-04-29 17:59,0,2,https://twitter.com/GaudTorquato/status/1122968772061609984
215,1.0148914783327068e+18,dilma pablo escobar,Sério que tão compartilhando aquela foto outra vez??? Aquela que dizem ser da Dilma com o Pablo Escobar !!! Kd a porra do bloqueio pras Fake News e seus propagadores Facebook? Daqui uns dias essas mentiras vão causar a morte de alguém por engano.,true,2018-07-05 12:19,0,1,https://twitter.com/sennaricarte/status/1014891478332706816
264,8.739339354027252e+17,dilma pablo escobar,"Nunca esqueço daquela foto da Dilma , Pablo Escobar e Kirchner",fake,2017-06-11 13:04,0,0,https://twitter.com/bichosrevolucao/status/873933935402725376
294,7.731113157160141e+17,dilma pablo escobar,"E essa foto da Dilma com Pablo Escobar , mas pera... não é Dilma e o cara não é Pablo Escobar . Os cara disseminam de tudo.",true,2016-09-06 7:51,1,0,https://twitter.com/GeaneVenturin/status/773111315716014081
333,7.271369569420001e+17,dilma pablo escobar,A Dilma sempre andou muito bem acompanhada.Acho que o Pablo Escobar aprendeu a ser mafioso com ela. pic.twitter.com/iMn74Td0FI,fake,2016-05-02 11:05,0,0,https://twitter.com/catoleeiro/status/727136956942000128
334,7.246408892981002e+17,dilma pablo escobar,"A ~foto de Dilma com Pablo Escobar ~ é uma evolução em relação aquela com Hitley, pelo menos eles estavam vivos na mesma época",true,2016-04-25 13:47,0,2,https://twitter.com/JOHN_TRANE/status/724640889298100225
739,1.1242667631836447e+18,bandejao bolsonaro,"No governo Bolsonaro . Almoço no Planalto, é no bandejão mesmo. Acabou a farra da era PT, de ter chefe com cardápio francês. Quem prepara as comidas são taifeiros militares, isso significa custo zero de mão de obra. As imagens, falam por si só. pic.twitter.com/W7vUhBu3Iv",fake,2019-05-03 7:57,0,0,https://twitter.com/ritaapleal1/status/1124266763183644672
766,1.1236800649426163e+18,bandejao bolsonaro,"ALMOÇO NO PLANALTO agora é no bandejão mesmo, acabou a farra da era PT, de ter chefe com cardápio francês. Quem prepara as comidas são taifeiros militares, isso significa custo zero de mão de obra. As imagens falam por si só. VIVA O BRASIL SOB NOVA DIREÇÃO VIVA BOLSONARO pic.twitter.com/kCzBSie53c",fake,2019-05-01 17:06,37,114,https://twitter.com/Pekena136/status/1123680064942616576
781,1.1233869521815347e+18,bandejao bolsonaro,"Chega de contratar chefs franceses para preparar o menu. Almoço no Planalto agora é no bandejão mesmo. Quem prepara as comidas são taifeiros militares, isso significa CUSTO ZERO de mão de obra. As imagens falam por si só, Presidente Bolsonaro dá exemplo. #MudaBrasil pic.twitter.com/jwHrLvtjyp",fake,2019-04-30 21:41,2,6,https://twitter.com/marcojudsson/status/1123386952181534721
810,1.1230248147956243e+18,bandejao bolsonaro,No governo Bolsonaro almoço no Planalto é no bandejão mesmo ! Acabou a farra da era PT de ter cheff com cardápio francês https://www. facebook.com/Poetaminas/pos ts/2407845875913669 …,fake,2019-04-29 21:42,0,0,https://twitter.com/PoetaminasBH/status/1123024814795624449
852,1.1220859964793568e+18,bandejao bolsonaro,"Salada, churrasco e batata frita: o almoço de Bolsonaro no bandejão do Planalto https:// glo.bo/2IJFN0q",true,2019-04-27 7:32,0,0,https://twitter.com/ArraisJi/status/1122085996479356928
862,1.1219879486044609e+18,bandejao bolsonaro,Bolsonaro almoça pela primeira vez no bandejão dos funcionários do Palác... https:// youtu.be/Y8wdBwKn1Z0 via @YouTube,true,2019-04-27 1:02,1,1,https://twitter.com/BrigidoGeraldo/status/1121987948604461057
866,1.1219659529193103e+18,bandejao bolsonaro,Bolsonaro é o primeiro chefe do Executivo a almoçar no bandejão da presidência. Ele prometeu voltar ao restaurante uma vez por mês. https://www. tvcidadenews.com.br/2019/04/bolson aro-faz-historia-ao-almocar-no.html …,true,2019-04-26 23:35,0,0,https://twitter.com/tvcidadenews/status/1121965952919310336
888,1.1218694675527598e+18,bandejao bolsonaro,Presidente Bolsonaro é flagrado comendo no bandejão do Palcário do Planalto https:// aconteceagora.com.br/presidente-bol sonaro-e-flagrado-comendo-no-bandejao-do-palcario-do-planalto/ … !!!!,true,2019-04-26 17:11,0,0,https://twitter.com/lnstagramdo/status/1121869467552759811
915,1.1218129208396184e+18,bandejao bolsonaro,Bolsonaro almoça no ' bandejão ' do Palácio do Planalto com ministros e assessores | Política | G1 https:// g1.globo.com/politica/notic ia/2019/04/25/bolsonaro-almoca-no-bandejao-do-palacio-do-planalto.ghtml …,true,2019-04-26 13:26,0,1,https://twitter.com/Roncacci/status/1121812920839618560
1741,1.1154492431483535e+18,travesti criança esperança,Repassem! Este esquerdopata que chamou Jesus Cristo de travesti e bicha é atração da #GloboLixo para o criança esperança . A #globolixo desafia a opiniao publica! pic.twitter.com/Dmu4HOtWkH,fake,2019-04-08 23:59,0,0,https://twitter.com/AcesseImoveis/status/1115449243148353536
1742,1.0616169910548234e+18,travesti criança esperança,Enquanto isso o Criança Esperança desse ano terá uma participação especial do mesmo imbecil que chamou Nosso Senhor Jesus Cristo de travesti . A Gobo por si só está decretando o seu fim. https://www. facebook.com/1421585067/pos ts/10213943677652339/ …,fake,2018-11-11 10:49,0,0,https://twitter.com/lfrrodrigues/status/1061616991054823424
1743,1.0614189893294979e+18,travesti criança esperança,"E um imbecil de marca MAIOR, o que as crianças com necessidade tem a ver com disputa eleitoral amigo? Ontem vi um idiota comentar o mesmo do criança esperança por causa de um apresentador que disse que Jesus era travesti , agora os necessitados sofrerão por causa de idiotas.",fake,2018-11-10 21:43,0,1,https://twitter.com/jandradehv/status/1061418989329498115
1744,1.0613078808031068e+18,travesti criança esperança,se é assim então Johnny Hooker dizer que Jesus é travesti ...prova que ele é xenofobico....e o mesmo esteve na rede globo...fazendo parte das atrações do criança esperança . ...e ai como é que fica?,fake,2018-11-10 14:21,0,0,https://twitter.com/ThiagoDMT1/status/1061307880803106816
1745,1.0611124173321503e+18,travesti criança esperança,"Rede Globo sendo Rede Globo. Olha que presença ilustre no criança esperança . Tomou em vão o nome do nosso Senhor, o chamou de travesti e ainda vai marcar presença em uma das campanhas mais milionários da tv brasileira em prol as crianças. Isso não está acontecem! pic.twitter.com/AWGJrsMpgU",fake,2018-11-10 1:24,1,0,https://twitter.com/NilzaMartins17/status/1061112417332150272
1746,1.0608755385612042e+18,travesti criança esperança,Boicote ao criança esperança !! O idiota que xingou Jesus de travesti será atração do programa!!! #GloboLixo #RedeEsgoto #CriançaEsperançaNão #CriançaRoubança,fake,2018-11-09 9:43,0,0,https://twitter.com/FlviaLima20/status/1060875538561204224
1747,1.0608730816847176e+18,travesti criança esperança,"grande @lobaoeletrico !! Não tem nada a ver com seu twitter,mas preciso só te sugerir puxar a hastag #criançaesperançanão ou #criançaroubança !!! Aquela coisa q chamou Jesus de travesti vai ser atração do criança esperança !!! E os babacas doando!!!! Vamos boicotar!!!!",fake,2018-11-09 9:33,0,0,https://twitter.com/FlviaLima20/status/1060873081684717568
1748,1.0608342201957007e+18,travesti criança esperança,CHAMOU JESUS DE TRAVESTI E SERÁ ATRAÇÃO NO CRIANÇA ESPERANÇA DO GLIBO LIXO! https://www. facebook.com/1350185211/pos ts/10212222655385478/ …,fake,2018-11-09 6:59,1,2,https://twitter.com/DeboraBergman3/status/1060834220195700736
1749,1.0348300227402464e+18,travesti criança esperança,"Usar""Cristo ñ é certo em qualquer ocasião Legal mesmo é chamar Jesus de travesti , bicha igual o @que foi no Criança Esperança ? Obs.: Jesus deu chicotadas literais nos vendilhões do templo, ele ñ estava muito pacífico nesta ocasião. Dica: Sem perseguição, sem mártir/herói""",fake,2018-08-29 12:47,0,0,https://twitter.com/VanshesckY/status/1034830022740246528
1764,1.032078736345256e+18,travesti criança esperança,"Isso se não desrespeitar a religião alheia e chamar Jesus de travesti . Depois, for no criança esperança pedir dinheiro....",fake,2018-08-21 22:35,0,0,https://twitter.com/GiancarloGuima/status/1032078736345255936
1765,1.0320294430726349e+18,travesti criança esperança,"Após chamar Jesus de travesti , Johnny Hooker canta no Criança Esperança https:// noticias.gospelprime.com.br/johnny-hooker- crianca-esperanca-toda-forma-de-amor/ …",fake,2018-08-21 19:19,0,0,https://twitter.com/hamiltonsi/status/1032029443072634881
1781,1.0313765533834733e+18,travesti criança esperança,"A tag Criança Esperança estava em primeiro lugar no Tt mas só haviam pessoas contra esta porcaria q estão fazendo, atriz e atores q apoiam o aborto pedindo dinheiro,cantor q chamou Jesus de travesti , q o Twitter derrubou a tag.",fake,2018-08-20 0:05,2,15,https://twitter.com/elisangelaqueli/status/1031376553383473153
1783,1.0312743564193176e+18,travesti criança esperança,VC QUE SE DIZ CRISTÃO E ESTA PENSANDO EM DOAR DINHEIRO PARA ESSE LIXO DE EMISSORA LEMBRE-SE A CRIATURA QUE CHAMOU JESUS CRISTO DE TRAVESTI É UMA DAS ATRAÇÕES DO CRIANÇA ESPERANÇA .,fake,2018-08-19 17:19,0,0,https://twitter.com/AllanDo55600506/status/1031274356419317766
1785,1.031019060505596e+18,travesti criança esperança,Globo lixo. Colocou Johnny Hooker no criança esperança aquele que chamou Jesus de travesti . #CriançaEsperança,fake,2018-08-19 0:24,1,2,https://twitter.com/Dianamocap/status/1031019060505595905
1789,1.0310046343479091e+18,travesti criança esperança,Criança Esperança ou lacração esperança? Não suje seu nome com essa corja que chama Jesus de travesti !! #NaoDoeCriancaEsperanca,fake,2018-08-18 23:27,0,1,https://twitter.com/aturaaverdade1/status/1031004634347909120
1792,1.0310013710871224e+18,travesti criança esperança,Nossa o cara fala que Jesus é travesti e gay sim. Onde ele está ? Na Globo no criança esperança,fake,2018-08-18 23:14,0,0,https://twitter.com/dimascantor/status/1031001371087122432
1794,1.0310012068759757e+18,travesti criança esperança,"PORRA VOCÊS TÃO DE BRINCADEIRA NE? COMO COLOCA UM FILHO DA PUTA, QUE CHAMOU JESUS DE TRAVESTI EM REDE NACIONAL? QUE DESRESPEITO COM A FAMÍLIA BRASILEIRA! USA O NOME DE  CRIANÇA ESPERANÇA "" PRA POR UM SER LIXO DESSES NO AR! QUE REPUGNANTE! #criançaesperança""",fake,2018-08-18 23:13,4,15,https://twitter.com/SantosCopeiro/status/1031001206875975680
1805,1.0291631934264769e+18,travesti criança esperança,"Só passando pra lembrar que o retardado do jhonny hooker (que chamou Jesus de bicha e travesti ) vai participar do criança esperança . Só pra lembrar pra pesar na decisão de quanto doar, se sequer doar.",fake,2018-08-13 21:30,0,3,https://twitter.com/Brunorohb/status/1029163193426477062
1806,1.0284852860771246e+18,travesti criança esperança,"O CANTOR Johnny Hooker - PROSTITUTA em inglês , QUE XINGOU JESUS DE TRAVESTI , ESTARÁ NO CRIANÇA ESPERANÇA ! . . #tv #apresentadora #criança #jornalismo #informação #jornalista … https://www. instagram.com/p/BmXRa2fhk-n/ ?utm_source=ig_twitter_share&igshid=3p68iiyc1h2a …",fake,2018-08-12 0:36,0,0,https://twitter.com/LILIANEVENTURA/status/1028485286077124608
1809,1.0266084509130874e+18,travesti criança esperança,Criança Esperança terá apresentação do transformista que igualou Jesus a travesti http://www. conservadorismodobrasil.com.br/2018/08/crianc a-esperanca-tera-apresentacao-do-transformista-que-igualou-jesus-a-travesti.html …,fake,2018-08-06 20:18,0,0,https://twitter.com/ExpressoDiario/status/1026608450913087489
1810,1.0266006096031169e+18,travesti criança esperança,"Essa CARNIÇA chamou JESUS de travesti . Vai estar no  Criança Esperança "". DESGRAÇADO! MISERÁVEL e IMACUMBADO. Tu vais arder no enxofre e no fogo do inferno inseto. pic.twitter.com/xsKpwA4GjW""",fake,2018-08-06 19:47,1,3,https://twitter.com/CMackalister/status/1026600609603117056
1814,1.0264410174683505e+18,travesti criança esperança,ATENÇÃO ! o idiota q chamou Jesus de bicha de travesti vai participar do Criança Esperança da Globo Diga NÃO a criança esperança NÃO DOE. Divulgue para todos os seus contatos abaixo detalhes ! COMPARTILHEM pic.twitter.com/NvAd4jVsEb,fake,2018-08-06 9:13,0,0,https://twitter.com/DamiaoDiana/status/1026441017468350464
1817,1.0260752764118547e+18,travesti criança esperança,"Acabei de saber que o lixo gayzista que chamou Jesus de TRAVESTI ganhou um prêmio da ONU e foi convidado pra se apresentar no Criança Esperança da Globo. Bacana, né? pic.twitter.com/T2wsa6X0nY",fake,2018-08-05 8:59,0,6,https://twitter.com/Julio26Nba/status/1026075276411854849
1818,1.0257868880561848e+18,travesti criança esperança,"Dinheiro que depois a Globo desconta do imposto de renda. Estão divulgando também que aquele desgraçado Johnny Hooker que chamou Jesus de bicha e travesti vai se apresentar no  Criança Esperança "" ou tão escondendo?""",fake,2018-08-04 13:53,0,0,https://twitter.com/senorseb/status/1025786888056184834
1819,1.0253530527216968e+18,travesti criança esperança,"@Crian_Esperanca Cantor que afirmou que Jesus é travesti e “bicha” é denunciado no Ministério Público Federal https://www. jmnoticia.com.br/2018/07/31/can tor-que-afirmou-que-jesus-e-travesti-e-bicha-e-denunciado-no-ministerio-publico-federal/ … via @jmnoticia - Então é esse o artista que vai participar do Criança Esperança """"",fake,2018-08-03 9:09,1,1,https://twitter.com/AyresCunha/status/1025353052721696769
1824,1.0249089192049786e+18,travesti criança esperança,"O que tem de cristãos que irão doar no criança esperança da globo... Mesmo depois daquele cantorzinho dizer que JESUS é travesti , que JESUS é bicha...",fake,2018-08-02 3:45,0,0,https://twitter.com/WilsonAllam/status/1024908919204978688
1848,1.0244560781956504e+18,travesti criança esperança,OLHA a MERDA que a Globo irá promover!!!! - Cantor que chamou Jesus de travesti se apresentará no Criança Esperança https:// noticias.gospelprime.com.br/johnny-hooker- jesus-travesti-crianca-esperanca/ …,fake,2018-07-31 21:45,3,2,https://twitter.com/Leeitsmee/status/1024456078195650560
2140,1.090009142566285e+18,venezuelano terrorista cubano brumadinho,A ABIN lançou nota negando que o desastre de Brumadinho foi um atentado terrorista feito por 1 cubano e 1 venezuelano . Povo besta,true,2019-01-28 19:10,0,1,https://twitter.com/ericksc/status/1090009142566285320
2141,1.0899828219161354e+18,venezuelano terrorista cubano brumadinho,"foi preciso a abin se pronunciar a respeito de fake news onde alegava que a tragédia de brumadinho foi devido a ataque terrorista cubano / venezuelano o brasileiro tá vivendo uma realidade paralela meio as três espiãs demais, sabe?",true,2019-01-28 17:25,0,1,https://twitter.com/jadsonlv/status/1089982821916135430
2144,1.0899454376694129e+18,venezuelano terrorista cubano brumadinho,RECHACE A MENTIRA: SOBRE A FAKE NEW REFERENTE A BRUMADINHO Sobre a fake new distribuída pela extrema-direita nas redes sociais que atribui a um venezuelano e a um cubano imaginários uma explosão terrorista que teria gerado a tragédia na barragem de Brumadinho . pic.twitter.com/kyvPDxHosm,true,2019-01-28 14:56,15,36,https://twitter.com/CDCCorinthians/status/1089945437669412865
2150,1.0895808722092319e+18,venezuelano terrorista cubano brumadinho,"Vejam o que os minions andam espalhando pelo WhatsApp - detalhe: abstraiam os erros de português (os caras são burros, além de doidos). Segundo esse delírio, o rompimento da barragem de Brumadinho pode ter sido um ato terrorista - um cubano e um venezuelano estariam envolvidos:",true,2019-01-27 14:48,0,1,https://twitter.com/lpscomunica/status/1089580872209231872
2151,1.0895774832409843e+18,venezuelano terrorista cubano brumadinho,"Minha prima, que adora uma fake news, me mostrou um textão no facebook falando que a tragédia em Brumadinho foi, na verdade, um atentado terrorista causado por um cubano e um venezuelano . Mentira.",true,2019-01-27 14:34,0,0,https://twitter.com/tata_mgomes/status/1089577483240984577
1002,1.112860378936107e+18,stf lula salvo conduto,@CarlosBolsonaro É URGENTE que antecipemos a ida às ruas antes do dia 7 de abril ! O STF resolveu dar salvo conduto a Lula no dia 04 de abril.E estará SOLTO Vamos dia 3 de abril !!!!!,fake,2019-04-01 20:32,0,0,https://twitter.com/Jane_GRodrigues/status/1112860378936107008
1006,1.1123921954604768e+18,stf lula salvo conduto,"https://www. boatos.org/politica/stf-s alvo-conduto-lula-solto.html … NOTÍCIA DE SALVO CONDUTO DE LULA É FAKE. AJUDEM A DESMENTIR. ESTÃO USANDO O BOATO PRA INCITAR ÓDIO AO STF QUE VAI JUGAR HABEAS CORPUS DE LULA DIA 04 DE MARÇO, QUINTA-FEIRA pic.twitter.com/X0fCRRiJzk",true,2019-03-31 13:32,1,1,https://twitter.com/mlcescato/status/1112392195460476929
1013,1.1120034328172831e+18,stf lula salvo conduto,"Que absurdo!!! A ministra Cármen Lúcia, do Supremo Tribunal Federal ( STF ), enviou ao advogado José Roberto Batochio o salvo-conduto do ex-presidente Lula . O documento autoriza o petista a viajar e transitar livremente. https:// politica.estadao.com.br/blogs/fausto-m acedo/salvo-conduto-de-luiz-inacio-lula-da-silva/ …",fake,2019-03-30 11:47,3,6,https://twitter.com/bbthcruz/status/1112003432817283074
1014,1.1119776281001859e+18,stf lula salvo conduto,Lula recebe o salvo conduto do STF . #STFVergonhaNacional Lugar de condenado é na cadeia. Repassem! pic.twitter.com/leozjWC8sw,fake,2019-03-30 10:05,2,2,https://twitter.com/lapoderosa1360/status/1111977628100186112
1018,1.1117107257629368e+18,stf lula salvo conduto,"@STF _oficial , Salvo Conduto para Lula ? Seus ditadores esquerdiotas, vocês são a vergonha do Brasil e vão cair #STFVegonhaNacional",fake,2019-03-29 16:24,0,1,https://twitter.com/RenataLunardi1/status/1111710725762936833
1019,1.111665922278912e+18,stf lula salvo conduto,"@jairbolsonaro ATENÇÃO ALERTA A TODOS o STF .JA DEU O SALVO CONDUTO PARA O LULA ,.O STF .VAI SOLTAR O LULA E MAIS 170 BANDIDOS DE ALTA PERICULOSIDADE",fake,2019-03-29 13:26,0,0,https://twitter.com/SandraMariaVil7/status/1111665922278912002
1020,1.111664554386305e+18,stf lula salvo conduto,"STF DA SALVO CONDUTO A LULA QUE DEVERÁ SER SOLTO PRÓXIMAS HORAS. @CarlosBolsonaro @jairbolsonaro @joicehasselmann e aí? Se já está difícil com ele só complicando da prisão, imaginem ele solto!!! Vão aceitar calados?",fake,2019-03-29 13:20,0,0,https://twitter.com/luizfmedeiros/status/1111664554386305025
1028,1.1112676372947804e+18,stf lula salvo conduto,Bom dia. Parece que terá salvo conduto para Lula deixar a prisão política que se encontra. Via STF . https://www. instagram.com/p/Bvjf35Ng_L7/ ?utm_source=ig_twitter_share&igshid=1jk9cpjfuih4 …,fake,2019-03-28 11:03,0,1,https://twitter.com/acsa100/status/1111267637294780416
1030,1.1058356987357592e+18,stf lula salvo conduto,"Hoje 11 homens que não receberam um só voto do povo, vão decidir se enterram o país... Lula , Cunha, Cabral, Vacari Neto e Zé Dirceu, podem receber hoje, das mãos do STF , alvarás/ salvo conduto de impunidade e detonar o governo Bolsonaro. #STFnaoMateALavaJato",fake,2019-03-13 11:19,0,2,https://twitter.com/CoelhoLoreto/status/1105835698735759360
1317,1.1247726263485604e+18,mst brumadinho,"*Os vermes MST e petistas invadem Brumadinho para ROUBAR o quê é de direito das vítimas da tragédia da barragem !* Eles vêm de longe para ocupar as terras, temos que denunciar urgente. pic.twitter.com/gHKcQ81xb6",fake,2019-05-04 17:27,0,0,https://twitter.com/Plankl2/status/1124772626348560384
1318,1.1246621677924925e+18,mst brumadinho,"Existe uma forte relação entre o MST , o MAB (Movimento dos Atingidos por Barragem) e a Igreja Católica. A presença do MST em Brumadinho é apenas para reforçar o apoio às famílias atingidas pelas barragens.",true,2019-05-04 10:08,0,0,https://twitter.com/andreteixeirabq/status/1124662167792492545
1323,1.1244170827524915e+18,mst brumadinho,"Graças a Deus as coisas estão entrando nos trilhos!! O medo de se deparar com um agricultor armado é maior que a desejo de saquear. Parabéns presidente. Agora o MST está perseguindo as famílias das vítimas em Brumadinho , parasitas.",fake,2019-05-03 17:54,0,0,https://twitter.com/ThomasS14910052/status/1124417082752491521
1324,1.1243934635107328e+18,mst brumadinho,A FALTA DE CARÁTER NÃO TEM LIMITES ** MST invade BRUMADINHO para..... Oque é de direito das vítimas da tragédia da barragem Eles vem de longe para reivindicar as terras como se… https://www. instagram.com/p/BxAwHBzB4cU/ ?utm_source=ig_twitter_share&igshid=qc4jav5u8jvn …,fake,2019-05-03 16:21,0,0,https://twitter.com/SimoneWitte2/status/1124393463510732800
1327,1.1243089615141395e+18,mst brumadinho,Vagabundos do MST vem de tudo qusnto é lugar pra pegar as terras em Brumadinho da pra acreditar. https://www. facebook.com/1496544215/pos ts/10219602099151838/ …,fake,2019-05-03 10:45,0,0,https://twitter.com/EduBM1979/status/1124308961514139649
1328,1.1243055171558441e+18,mst brumadinho,MST tá lá em Brumadinho querendo lucrar.,fake,2019-05-03 10:31,0,0,https://twitter.com/InsHelena3/status/1124305517155844097
1329,1.1242968463215616e+18,mst brumadinho,A invasão de Brumadinho pelo MST é em busca de alguma boquinha...(indenização). pic.twitter.com/HKKAqHrNMc,fake,2019-05-03 9:57,0,1,https://twitter.com/AntnioPGomes1/status/1124296846321561607
1332,1.1242748949576335e+18,mst brumadinho,"Deputado repercute notícia falsa sobre o  MST ter invadido Brumadinho para tomar terras de atingidos pela barragem"", o que já foi desmentido: https:// twitter.com/Boatosorg/stat us/1123979369637134336?s=19 … https:// twitter.com/depheliolopes/ status/1124269458309242880 …""",true,2019-05-03 8:29,1,10,https://twitter.com/parlamentistas/status/1124274894957633536
1334,1.1242694583092429e+18,mst brumadinho,A FALTA DE CARÁTER NÃO TEM LIMITES! ** MST invadem Brumadinho para ........??? O que é de direito das vítimas da tragédia da barragem! Eles vêm de longe para reivindicar as terras com se fossem vítimas do rompimento da barragem. #BolsonaroÉPresidente #DeputadoHelioLopes pic.twitter.com/GwvsPE7NW2,fake,2019-05-03 8:08,214,624,https://twitter.com/depheliolopes/status/1124269458309242880
1335,1.1242649416309635e+18,mst brumadinho,Oportunistas do MST em Brumadinho . São questionados pelos reais moradores. pic.twitter.com/rNpR42ECdm,fake,2019-05-03 7:50,1,2,https://twitter.com/redneckbrazil/status/1124264941630963712
1339,1.124079897784279e+18,mst brumadinho,Os vagabundos do MST agora resolveram envadi brumadinho,fake,2019-05-02 19:35,0,1,https://twitter.com/Edimils11566299/status/1124079897784279046
1341,1.1240573192628184e+18,mst brumadinho,Um dos sites anti-hoax desmentiu o boato de que o MST teria roubado vítimas do crime ambiental em Brumadinho . É muito mais fácil o MST ter AJUDADO as vítimas com doações de produtos agrícolas do que ter roubado. Quem roubou foi a Vale privatizada.,true,2019-05-02 18:05,0,0,https://twitter.com/KKKYBWVT3QrWfdl/status/1124057319262818305
1347,1.1240247121773117e+18,mst brumadinho,"*Os vermes MST e petistas invadem Brumadinho para ROUBAR o quê é de direito das vítimas da tragédia da barragem !* Eles vêm de longe para ocupar as terras, temos que denunciar urgente. pic.twitter.com/uppqeqr3K5",fake,2019-05-02 15:55,0,0,https://twitter.com/JFDalvi1/status/1124024712177311750
1348,1.1239845971533946e+18,mst brumadinho,Um dos sites anti-hoax desmentiu o boato de que o MST teria roubado vítimas do crime ambiental em Brumadinho . É muito mais fácil o MST ter AJUDADO as vítimas com doações de produtos agrícolas do que ter roubado. Quem roubou foi a Vale privatizada.,true,2019-05-02 13:16,0,3,https://twitter.com/rog_marcus/status/1123984597153394689
1354,1.1236822873867551e+18,mst brumadinho,AVISEM O PRESIDENTE SOBRE A INVASAO DO MST EM BRUMADINHO ....MANDEM AS FFAA PARA LA E TIREM OS VAGABUNDOS A BALA https:// twitter.com/BolsonaroSP/st atus/1123353186528636928 …,fake,2019-05-01 17:15,0,0,https://twitter.com/eugenioazambujo/status/1123682287386755072
1359,1.123565968180109e+18,mst brumadinho,"Os vermes MST e petistas invadem Brumadinho para ROUBAR o quê é de direito das vítimas da tragédia da barragem. Eles vêm de longe para ocupar as terras, temos que denunciar urgente. @jairbolsonaro @xicograziano @manuelkobel @alexandregarcia @augustosnunes @BlogDoPim pic.twitter.com/ZZzh88OpSi",fake,2019-05-01 9:32,10,26,https://twitter.com/lairbiagini/status/1123565968180109312
1367,1.1233427995318477e+18,mst brumadinho,"Mas faltou proteger Brumadinho , terra devastada e imóveis sem donos... Pois la vieram e se instalou o MST",fake,2019-04-30 18:46,0,9,https://twitter.com/zehcampestrini/status/1123342799531847680
1368,1.1233418682622195e+18,mst brumadinho,"Agora abutres, vivendo de carniça. Desculpem, não q Brumadinho seja uma carniça, mas q o MST se tornou carniceiros como se ja não bastasse serem terroristas.",fake,2019-04-30 18:42,0,0,https://twitter.com/zeleo46/status/1123341868262219777
1370,1.1233321059063357e+18,mst brumadinho,"@jairbolsonaro Olha a PALHAÇADA, MST é PT, Estão tumultuado Brumadinho . Querem receber terras que serão distribuídos par as famílias das VITIMAS..POVO SEM RESPEITO. PRENDE TODO MUNDO É LEVA PRA PRISÃO RURAL, é verão que nunca pegaram numa enxada pic.twitter.com/sg7vr3pWAX",fake,2019-04-30 18:03,0,0,https://twitter.com/FlviaCunha20/status/1123332105906335745
1371,1.1233227511110616e+18,mst brumadinho,E o MST que já está em Brumadinho pra fazer inferno e querer roubar oq e de direito dos moradores eu disse dos MORADORES. @pmmg190 @MPMG_Oficial @jairbolsonaro @policiafederal,fake,2019-04-30 17:26,0,0,https://twitter.com/Tontis07/status/1123322751111061510
1373,1.1232998711743488e+18,mst brumadinho,"Parabéns, Presidente! Propriedade privada é sagrada! Esse MST só quer tumultuar o pais desde a década de 80! Olha o que fizeram agora em Brumadinho , uma cidade arrasada pela tragédia! Invadiram a cidade para quê?",fake,2019-04-30 15:55,0,0,https://twitter.com/celia_carvalh/status/1123299871174348800
1376,1.1232603384750285e+18,mst brumadinho,REVOLTANTE! MST invade BRUMADINHO ! https:// youtu.be/XmsJt8i_VH0,fake,2019-04-30 13:18,0,2,https://twitter.com/IzabelliOlivei1/status/1123260338475028480
1378,1.1232567864657756e+18,mst brumadinho,"Militontos do MST a base de cachaça e mortadela invadem Brumadinho , não para ajudar e sim para usurpar terras e benefícios que possam ser gerados devido a tragédia! pic.twitter.com/laLcExA5wU",fake,2019-04-30 13:04,8,10,https://twitter.com/SaidaaDireita/status/1123256786465775618
1399,1.123011867109204e+18,mst brumadinho,"Os vagabundos dos MST estão lá em Brumadinho , tentando roubar a ajuda que eles recebem. Gentalha.",fake,2019-04-29 20:51,0,4,https://twitter.com/lovemypetsbr1/status/1123011867109203968
1401,1.1230037330325464e+18,mst brumadinho,"Veja a que ponto se chega o PT e seu braço armado o MST , estão invadindo a já devastada Brumadinho . Olha isso gente! https:// twitter.com/AlineRoPina/st atus/1122315027615297536 …",fake,2019-04-29 20:18,0,0,https://twitter.com/CarlosThunder5/status/1123003733032546304
1405,1.1229764065127832e+18,mst brumadinho,"MST c/escritório nos EUA? Mas eles ñ são pobres, abandonados à própria sorte, ñ têm como sobreviver sem uma reforma agrária""? Até invadiram Brumadinho pq se acham no direito de também receber indenizações. Terroristas, eis o que são. #CoafComMoro""",fake,2019-04-29 18:30,1,3,https://twitter.com/TRMatheus/status/1122976406512783362
1420,1.1228872182579569e+18,mst brumadinho,"O governo precisa tomar providência, manifestantes do MST estão confrontando e acuando os moradores de Brumadinho . Invadiram a cidade. @jairbolsonaro @SF_Moro @DefesaGovBr @policiafederal https:// twitter.com/Bolsoneas/stat us/1122522906133770241 …",fake,2019-04-29 12:35,1,1,https://twitter.com/realmerrilu/status/1122887218257956864
1427,1.1228502267741389e+18,mst brumadinho,U R G E N T Í S S M O MST e petistas invadem Brumadinho para ROUBAR o quê é de direito das vítimas da tragédia da barragem. Eles vêm de longe para ocupar as terras. PRECISAMOS DENUNCIAR E DIVULGAR O MAIS RÁPIDO POSSÍVEL. pic.twitter.com/WlAeKYg9tx,fake,2019-04-29 10:08,1,2,https://twitter.com/cdanysm/status/1122850226774138883
1428,1.1228397439207793e+18,mst brumadinho,"PRESIDÊNTE JAIR MESSIAS BOLSONARO E MORÃO VICE VEJAM OQUE ESTA ACONTECENDO EM BRUMADINHO OS MST ESTA INVADINDO LA ,PELO AMOR DE DEUS PÕEM TODOS NA CADEIA. pic.twitter.com/BQxn9sy4I9",fake,2019-04-29 9:27,1,0,https://twitter.com/Tete73583563/status/1122839743920779264
1436,1.1228030348479448e+18,mst brumadinho,"Os vermes MST e petistas invadem Brumadinho para ROUBAR o quê é de direito das vítimas da tragédia da barragem Eles vêm de longe para ocupar as terras, temos que denunciar urgente. @gleisi @mariadorosario @Haddad_Fernando @LulaOficial olhem a merda que vcs fazem! @jairbolsonaro pic.twitter.com/wmcoGNeClq",fake,2019-04-29 7:01,0,0,https://twitter.com/robsonraivoso/status/1122803034847944704
1441,1.1226856363250157e+18,mst brumadinho,"Nao basta o povo de Brumadinho ter sofrido com a catástrofe, agora sofrem a ameaça de invasão do MST e dos aproveitadores do PT pic.twitter.com/4CYTzfSDvP",fake,2019-04-28 23:14,1,3,https://twitter.com/ricardomandre/status/1122685636325015552
1446,1.1226524754740429e+18,mst brumadinho,Não esqueça do MST que já está em brumadinho jurando de pé junto que vive lá a milhões de anos.,fake,2019-04-28 21:03,0,3,https://twitter.com/crisecv1/status/1122652475474042881
1449,1.1226394817634509e+18,mst brumadinho,"O que você acha que o MST está fazendo em Brumadinho ? Ajudar em alguma coisa? Dar assistência médica e psicológica? Claro que não. Estão lá para roubar, dar golpe, mas não vão conseguir, já estão devidamente mapeados e se tentarem estabelecer uma comuna, chumbo vai comer",fake,2019-04-28 20:11,3,3,https://twitter.com/kane_sp/status/1122639481763450881
1460,1.1225924078229832e+18,mst brumadinho,MST Só foi a brumadinho Porque A vele do rio dose despejou muita terra mais pra ajudar os inocente coberto por lama só israel #mst #interesseiro https:// twitter.com/tininhasouza19 1/status/1122588432688209920 …,fake,2019-04-28 17:04,0,0,https://twitter.com/SouzaRodiney/status/1122592407822983169
1477,1.1225314412192113e+18,mst brumadinho,"Os vermes de Cuba, MST e petistas invadem Brumadinho para SAQUEAREM o quê é de direito das vítimas da tragédia da barragem! Eles vêm de longe para invadir as terras, temos que denunciar… https://www. instagram.com/p/BwzhtrcBeZ6/ ?utm_source=ig_twitter_share&igshid=1h1r4lv5nue3u …",fake,2019-04-28 13:02,0,0,https://twitter.com/OsvaldoAiresBad/status/1122531441219211264
1485,1.1224925768236892e+18,mst brumadinho,"Manda a Força Nacional pra Brumadinho , que foi invadida pelo MST pra tumultuar a cidade e prejudicar o povo já sofrido da região!",fake,2019-04-28 10:27,2,11,https://twitter.com/MmipexRenata/status/1122492576823689216
1493,1.1224849458747635e+18,mst brumadinho,Até quando vamos ser obrigados ver esses terroristas desfilando pelo nosso país. Não respeitam nada. MST invadindo Brumadinho . #BrasilÉBolsonaro #MoroTePrendeuBabaca pic.twitter.com/Vg6hn9WZXX,fake,2019-04-28 9:57,6,18,https://twitter.com/edusilvaFranco/status/1122484945874763778
1497,1.1224682958049523e+18,mst brumadinho,"Fazendo aula de jornal? A esquerda está tonta, não sabem mais o que fazer: Os vermes MST e petistas invadem Brumadinho para ROUBAR o quê é de direito das vítimas da tragédia da barragem ! Eles vêm de longe para ocupar as terras, temos que denunciar urgente.",fake,2019-04-28 8:51,1,19,https://twitter.com/Marques27/status/1122468295804952577
1531,1.1222501732357242e+18,mst brumadinho,"Os vermes do MST e petistas invadem Brumadinho MG, para ROUBAR o quê é de direito das vítimas da tragédia do rompimento da barragem! Eles saem de longe para ocupar as terras, das pessoas que ainda nem se recuperaram! Temos que denunciar urgente! Canalhas pic.twitter.com/7yHAmgLFO8",fake,2019-04-27 18:24,265,497,https://twitter.com/goulart_lenita/status/1122250173235724289
1575,1.1210245822013481e+18,mst brumadinho,MST realiza ato político em apoio as famílias de Brumadinho O Movimento dos Trabalhadores Rurais Sem Terra promove ato político cultural em solidariedade às famílias da tragédia crime da Vale em Br... http:// planetamg.com.br/mst-realiza-at o-politico-em-apoio-as-familias-de-brumadinho/ … pic.twitter.com/cFHSkAxOKh,true,2019-04-24 9:14,0,0,https://twitter.com/planetamgbr/status/1121024582201348096
1578,1.114222971365802e+18,mst brumadinho,MST convoca ato nesta sexta-feira (5) contra os crimes da Vale em Brumadinho - Diário Causa Operária https://www. causaoperaria.org.br/mst-convoca-at o-nesta-sexta-feira-6-contra-os-crimes-da-vale-em-brumadinho/#.XKeUj15-TIg.twitter …,true,2019-04-05 14:47,2,2,https://twitter.com/linneydias/status/1114222971365801984
1582,1.1141581035352146e+18,mst brumadinho,"MST CONVOCA ATO POLÍTICO EM APOIO AOS SEM TERRA ATINGIDOS PELA MINERAÇÃO Em Minas Gerais, famílias sem terra lutam contra os efeitos do crime da Vale em Brumadinho em ato nesta sexta-feira (05) Foto: MST Nesta ... http:// planetamg.com.br/mst-convoca-at o-politico-em-apoio-aos-sem-terra-atingidos-pela-mineracao/ … pic.twitter.com/jl7997yHKw",true,2019-04-05 10:29,1,1,https://twitter.com/planetamgbr/status/1114158103535214592
1595,1.1066860045414441e+18,mst brumadinho,"Pela Vida das mulheres, somos todas Marielle."" Ontem 400 mulheres do @MST _Oficial e do Movimento Pela Soberania Popular na Mineração (MAM) bloquearam a passagem de um trem da Vale perto de #Brumadinho . https://www. sul21.com.br/movimentos/201 9/03/mulheres-do-mst-e-do-mam-trancam-passagem-do-trem-da-vale-em-minas-gerais/#.XIpI72LFkl4.twitter … #QuemMandouMatarMarielle pic.twitter.com/AcmSWVXgaH""",true,2019-03-15 19:37,13,13,https://twitter.com/PersonalEscrito/status/1106686004541444096
1597,1.106542039955632e+18,mst brumadinho,"Por mortos de Brumadinho e Marielle, mulheres do MST bloqueiam trem em Sarzedo https://www. hojeemdia.com.br/horizontes/por -mortos-de-brumadinho-e-marielle-mulheres-do-mst-bloqueiam-trem-em-sarzedo-1.700858 …",true,2019-03-15 10:05,0,0,https://twitter.com/robertofarmacia/status/1106542039955632129
1606,1.1062763950287626e+18,mst brumadinho,Protestavam contra a impunidade da Vale no caso Brumadinho e em nome da Marielle (hj faz 1 ano q ela foi assassinada e as investigações ainda não acabaram).,true,2019-03-14 16:30,0,0,https://twitter.com/ExitGarden/status/1106276395028762625
1618,1.1062124441359235e+18,mst brumadinho,"400 mulheres sem terra denunciam o assassinato em massa com o rompimento da barragem de Brumadinho , neste dia que se completa 1 ano da morte de Marielle Franco. As mulheres do MST pararam o trem da Vale que transporta o minério de ferro extraído da região: https://www. sul21.com.br/areazero/2019/ 03/pm-reprime-com-bombas-e-balas-de-borracha-mulheres-que-bloquearam-trem-da-vale/ …",true,2019-03-14 12:16,38,77,https://twitter.com/depmarcon/status/1106212444135923717
1619,1.1061907170666618e+18,mst brumadinho,"#FlorescerPorMarielle | Confira mais fotos da ação realizada pelas mulheres do MST e do MAM na ação de hoje em Minas Gerais, quando elas ocuparam os trilhos da Vale para denunciar o crime da empresa em Brumadinho e também o assassinato de Marielle Franco quanto #ValeAssassina pic.twitter.com/Fetv3Q46Vh",true,2019-03-14 10:49,8,8,https://twitter.com/frentebrasilpop/status/1106190717066661888
1626,1.1061577668199219e+18,mst brumadinho,"Ação do MST e do MAB bloqueou trem de minérios em Sarzedo, cidade vizinha à Brumadinho (MG), criticou modelo predatório de mineração e pediu justiça para Marielle. A Polícia Militar agiu com violência e feriu 10 pessoas. https://www. brasildefato.com.br/2019/03/14/mov imentos-ocupam-ferrovia-da-vale-por-justica-a-brumadinho-e-marielle-pm-reprime/ …",true,2019-03-14 8:38,22,35,https://twitter.com/Brasil_de_Fato/status/1106157766819921920
1647,1.0975267992553759e+18,mst brumadinho,"Em Minas Gerais, acampamentos do MST são afetados pelo rompimento da barragem de Brumadinho https:// soundcloud.com/redebrasilatua l/em-minas-gerais-acampamentos-do-mst-sao-afetados-pelo-rompimento-da-barragem-de-brumadinho-1?utm_source=soundcloud&utm_campaign=share&utm_medium=facebook …",true,2019-02-18 13:02,0,0,https://twitter.com/bortinho/status/1097526799255375878
1945,1.1247527580101507e+18,gleisi senna,É falsa mensagem atribuída a Gleisi Hoffmann desmerecendo Ayrton Senna | Revista Fórum https://www. revistaforum.com.br/e-falsa-mensag em-atribuida-a-gleisi-hoffmann-desmerecendo-ayrton-senna/ …,true,2019-05-04 16:08,0,0,https://twitter.com/Jorginaguimarae/status/1124752758010150912
1948,1.124747873529344e+18,gleisi senna,É falsa mensagem atribuída a Gleisi Hoffmann desmerecendo Ayrton Senna https://www. revistaforum.com.br/e-falsa-mensag em-atribuida-a-gleisi-hoffmann-desmerecendo-ayrton-senna/ … via @revistaforum,true,2019-05-04 15:49,0,0,https://twitter.com/redecastorphoto/status/1124747873529344001
1949,1.124741087623512e+18,gleisi senna,É #FAKE que Gleisi Hoffmann disse que não vê motivos para homenagens a Senna https:// g1.globo.com/fato-ou-fake/n oticia/2019/05/03/e-fake-que-gleisi-hoffmann-disse-que-nao-ve-motivos-para-homenagens-a-senna.ghtml … #fake,true,2019-05-04 15:22,0,0,https://twitter.com/allancmello/status/1124741087623512070
1959,1.1246931627134075e+18,gleisi senna,Gleisi Hoffmann é alvo de fake news em relação às homenagens ao piloto Ayrton Senna https:// blogdacidadania.com.br/2019/05/gleisi -hoffmann-e-alvo-de-fake-news-em-relacao-as-homenagens-ao-piloto-ayrton-senna/ …,true,2019-05-04 12:12,0,0,https://twitter.com/gojammaj/status/1124693162713407494
1965,1.12466131208312e+18,gleisi senna,"Não muda nada! A própria Gleisi Hoffman, não passa de uma grande, mas muito grande fake. Falar mal de Senna , não, mas elogiar Maduro e a ditadura na Venezuela, sim, isso é fato!",fake,2019-05-04 10:05,0,0,https://twitter.com/cacajema1/status/1124661312083120128
1993,1.1244374386996467e+18,gleisi senna,Fala de Gleisi sobre Ayrton Senna que circula nas redes sociais é falsa https:// pt.org.br/fala-de-gleisi -sobre-ayrton-senna-que-circula-nas-redes-sociais-e-falsa/#.XMy9lDo4Az8.twitter …,fake,2019-05-03 19:15,0,0,https://twitter.com/UsielRios/status/1124437438699646976
2000,1.1243637943717642e+18,gleisi senna,A safada @gleisi comparando Senna aí ladrão desgraçado é foda. pic.twitter.com/7bO0zdwSxM,fake,2019-05-03 14:23,0,0,https://twitter.com/biologo_ricardo/status/1124363794371764224
2005,1.1240138987247288e+18,gleisi senna,"Nossa querida @gleisi disse que não vê motivos para homenagear Airton Senna , bora para uma enquete quem merece?",fake,2019-05-02 15:12,0,0,https://twitter.com/Everly78093984/status/1124013898724728832
2008,1.1237965626924563e+18,gleisi senna,"Qdo penso q já ouvi tdas asneiras d Gleisi ,ela se supera.Deu p/falar mal d Senna campeão,deu orgulho ao país,rico porém honesto enqto ídolo preso dela envergonhou país,filhos estão ricos!Veja como bandidos se entendem:Ela diz q Pt se baseia em Jesus e Lula se compara a Jesus",fake,2019-05-02 0:49,0,1,https://twitter.com/MarizaSiribeli/status/1123796562692456449
2386,1.1247531535582944e+18,pele morreu,"Não, o antigo jogador brasileiro de futebol Pelé não morreu . Ou glosando Mark Twain, as fake news"" sobre a morte de Pelé são manifestamente exageradas.... https:// poligrafo.sapo.pt/fact-check/men sagem-viral-no-whatsapp-pele-morreu-hoje-pela-manha-em-2019-aos-79-anos-de-idade …""",true,2019-05-04 16:10,1,1,https://twitter.com/JornalPoligrafo/status/1124753153558294528
2402,1.1243952901847081e+18,pele morreu,Morreu Pelé !,fake,2019-05-03 16:28,0,0,https://twitter.com/HenriqueMHeinz/status/1124395290184708096
2475,1.1240241005471128e+18,pele morreu,Gente vcs viram q o Pelé morreu .... mt triste...,fake,2019-05-02 15:53,0,0,https://twitter.com/viteeeera/status/1124024100547112960
3388,1.1232483107630408e+18,urca nudismo,"PT, PSOL e PCdoB transformaram Praia Vermelha ( Urca ) em praia de nudismo ? Saiba que esta notícia, além de ser FALSA, não faz sentido! Veja por que lendo este artigo de checagem de fatos: https://www. boatos.org/politica/pt-ps ol-pcdob-praia-vermelha-nudismo.html … pic.twitter.com/loSc1jAAbj",true,2019-04-30 12:30,0,0,https://twitter.com/Arq_MauTavaresS/status/1123248310763040771
3389,1.1228103494330532e+18,urca nudismo,"PRAIA VERMELHA, vizinha ao Morro da Urca , virando praia de nudismo ...!!!* A intenção é afrontar os militares, que têm unidades nessa praia, esperando uma represália, para que haja um confronto e então chamar os militares de gorilas truculentos. Tudo orquestrado por PT, Psol PCdoB",fake,2019-04-29 7:30,7,17,https://twitter.com/DrJacobino/status/1122810349433053184
3392,1.117824405315285e+18,urca nudismo,"Praia vermelha, vizinha ao Morro da Urca virando praia de nudismo !! A intenção foi afrontar os militares que têm uma unidade na praia Vermelha, esperando uma represália, para que houvesse… https://www. instagram.com/p/BwSFc19hmOr/ ?utm_source=ig_twitter_share&igshid=1p8fevzvyb0gx …",fake,2019-04-15 13:18,0,0,https://twitter.com/almirrr/status/1117824405315284993
3398,1.1076598969196787e+18,urca nudismo,Vergonhoso!!! Agora a Praia da Urca é praia de. Nudismo ??? Que ridículo!!*,fake,2019-03-18 12:07,0,0,https://twitter.com/SarinhaSaroca/status/1107659896919678981
2,1.1295253770707845e+18,moro estudantes despreparados,"Será que, pra reforçar o discurso polêmico de Bolsonaro, Moro teria dito que manifestações seriam de meia dúzia de estudantes despreparados ""? Não se engane, pois a declaração é FALSA! Entenda por quê: https:// aosfatos.org/noticias/moro- nao-disse-que-manifestacoes-sao-de-meia-duzia-de-estudantes-despreparados/ … #EducaçãoÉCoisaSéria""",true,2019-05-17 20:13,0,0,https://twitter.com/Arq_MauTavaresS/status/1129525377070784518
3,1.1295156888700723e+18,moro estudantes despreparados,NO AR. Moro não disse que manifestações são de ‘meia dúzia de estudantes despreparados ’. https:// aosfatos.org/noticias/moro- nao-disse-que-manifestacoes-sao-de-meia-duzia-de-estudantes-despreparados/ … pic.twitter.com/YGuXjAak3N,true,2019-05-17 19:35,25,76,https://twitter.com/aosfatos/status/1129515688870072321
4,1.1294606476228485e+18,moro estudantes despreparados,Moro não disse que manifestações são de ‘meia dúzia de estudantes despreparados ’. Leia mais em: http:// bit.ly/2HzkiMI via Aos Fatos | Em busca da verdade na política. #fakenão #fakenews #FactCheck #CheckBR #SerMultimidia,true,2019-05-17 15:56,0,0,https://twitter.com/albertogpo/status/1129460647622848512
5,1.1294094412065505e+18,moro estudantes despreparados,"Depois de Bolsonaro, Moro também ataca os estudantes . Diz que são “ despreparados “. Olha quem fala...",fake,2019-05-17 12:32,40,172,https://twitter.com/rfalcao13/status/1129409441206550528
6,1.1293659272613478e+18,moro estudantes despreparados,"´´Meia dúzia de estudantes despreparados não vão atrapalhar o governo`` É o Moro mostrando sua verdadeira cara. Falso, mentiroso (...meia dúzia??!!), debochado, cegado pelo poder. Mostra que já se adaptou ao ´´estilo`` do patrão. E a que governo e refere? porque não vejo nenhum.",fake,2019-05-17 9:39,0,3,https://twitter.com/jcmigliari/status/1129365927261347843
10,1.129063027469357e+18,moro estudantes despreparados,"O Xerife Moro diz que meia dúzia de estudantes despreparados estavam nas manifestações. Despreparado é você mareco de Curitiba que rodou 5 vezes na prova da OAB. Conta aí pra nós Conje""?""",fake,2019-05-16 13:36,0,1,https://twitter.com/Deitos_Geovani/status/1129063027469357056
12,1.1289654260446454e+18,moro estudantes despreparados,"Meia dúzia de estudantes despreparados , não vão atrapalhar o governo"" -Sérgio Moro""",fake,2019-05-16 7:08,0,1,https://twitter.com/castrodedeia1/status/1128965426044645376
26,1.128721606128427e+18,pinos cocaina ufes,"É MENTIRA que pinos para consumo de crack e cocaína tenham sido encontrados na UFES (trata-se material coletado durante uma ação realizada por uma ONG em um manguezal de Santos, SP): http:// bit.ly/2YyvpMS (via @CienciaNoBrasil )",true,2019-05-15 14:59,0,1,https://twitter.com/gabrielamra/status/1128721606128427010
43,1.128483509650305e+18,pinos cocaina ufes,"Mais uma fake news tentando desmoralizar as federais. @uneoficial Aluna da UFES recolhe vários pinos de cocaína usados no campus! "" http://www. e-farsas.com/aluna-da-ufes- recolhe-varios-pinos-de-cocaina-usados-no-campus-sera-verdade.html …""",true,2019-05-14 23:13,0,1,https://twitter.com/vivi11_gui/status/1128483509650305024
131,1.1297170462946017e+18,lei maria da penha damares,É #FAKE que Damares Alves defendeu revogação da Lei Maria da Penha https:// g1.globo.com/fato-ou-fake/n oticia/2019/05/17/e-fake-que-damares-alves-defendeu-revogacao-da-lei-maria-da-penha.ghtml … #fatooufake,true,2019-05-18 8:55,0,0,https://twitter.com/Engracadinha/status/1129717046294601731
133,1.1295408745081651e+18,lei maria da penha damares,Só faltaba essa! É #FAKE que Damares Alves defendeu revogação da Lei Maria da Penha | Fato ou Fake | G1 https:// g1.globo.com/fato-ou-fake/n oticia/2019/05/17/e-fake-que-damares-alves-defendeu-revogacao-da-lei-maria-da-penha.ghtml …,true,2019-05-17 21:15,0,2,https://twitter.com/Kipkuba/status/1129540874508165120
136,1.1294636291226378e+18,lei maria da penha damares,Texto falso afirma que ministra Damares irá revogar a Lei Maria da Penha http:// dlvr.it/R4w4yB pic.twitter.com/iKW4Jcezob,true,2019-05-17 16:08,0,0,https://twitter.com/fabianogomespb/status/1129463629122637825
141,1.1293533592433377e+18,lei maria da penha damares,"Circula mensagem nas redes sociais dizendo que a ministra Damares Alves revogará a Lei Maria da Penha . O Ministério da Mulher, da Família e dos Direitos Humanos negou que a ministra pretenda acabar com a lei. e disse que Damares a considera uma das melhores do mundo"" pic.twitter.com/C3w26kshOy""",true,2019-05-17 8:49,0,0,https://twitter.com/br_inova/status/1129353359243337728
144,1.1293256868696801e+18,lei maria da penha damares,"Circula mensagem nas redes sociais dizendo que a ministra Damares Alves revogará a Lei Maria da Penha . O Ministério da Mulher, da Família e dos Direitos Humanos negou que a ministra pretenda acabar com a lei. e disse que Damares a considera uma das melhores do mundo"" #UOLCONFERE pic.twitter.com/zty1l9uzy8""",true,2019-05-17 7:00,14,61,https://twitter.com/UOLNoticias/status/1129325686869680128
146,1.1291090362328433e+18,lei maria da penha damares,Damares não revogará Lei Maria da Penha nem disse que texto ‘é do diabo’ https:// aosfatos.org/noticias/damar es-nao-revogara-lei-maria-da-penha-nem-disse-que-texto-e-do-diabo/ … #factchecking via @aosfatos,true,2019-05-16 16:39,0,0,https://twitter.com/MaristelaBolso1/status/1129109036232843265
166,1.1283675052008858e+18,lei maria da penha damares,"A Damares , ministra dos direitos humanos"" disse q a Lei Maria da Penha é uma lei do diabo porque a Bíblia diz q o varão tem direito de ""corrigir"" sua mulher. O ministro Onix Lorenzoni disse q mulheres preferem armas a Lei Maria da Penha . É isso mesmo? Com a palavra as mulheres.""",fake,2019-05-14 15:32,5,9,https://twitter.com/LuceniltonM/status/1128367505200885761
296,1.0015523367524024e+18,ponte rio niteroi rachadura,"kkk.. o pessoal problematizando a suposta  rachadura "" da ponte rio niteroi que na vdd eh uma folga existente justamente p que nao ocorra um acidente caso o concreto e o aço sofram algum tipo de expansão/dilatação""",true,2018-05-29 16:54,1,21,https://twitter.com/idkvasconcellos/status/1001552336752402433
307,6.646044754038456e+17,ponte rio niteroi rachadura,GALERA >>>> Quem puder divulgar... a Ponte Rio Niterói apresenta uma tremenda rachadura ... alguém precisa tomar... http:// fb.me/4hhyscWrc,fake,2015-11-11 21:43,0,0,https://twitter.com/jocabeleireiro/status/664604475403845632
310,6.1866457683021e+17,ponte rio niteroi rachadura,Rachadura na ponte rio niterói isso pode ser o início de uma grande tragédia. Passe isso adiante http:// fb.me/7uK9aAXSH,fake,2015-07-08 3:15,0,0,https://twitter.com/Gleisondropship/status/618664576830210048
327,4.763792839762248e+17,ponte rio niteroi rachadura,"Gente ajude antes q aconteça um grande acidente!!! Uma grande rachadura na ponte rio niteroi , isso e a vontade... http:// fb.me/19RZI4Bto",fake,2014-06-10 12:04,0,0,https://twitter.com/Charlesblackout/status/476379283976224768
331,4.5445751671463526e+17,ponte rio niteroi rachadura,A Ponte rio niterói tem uma rachadura sinistra,fake,2014-04-11 0:14,0,1,https://twitter.com/JackPellenz/status/454457516714635264
332,4.5428318579143885e+17,ponte rio niteroi rachadura,Atenção!!! Rachadura enorme em ponte Rio Niterói ? https://www. facebook.com/tvrevolta/phot os/pb.169983389731783.-2207520000.1397141783./714343135295803/?type=3&theater … … @SergioCabralRJ @eduardopaes_ Isto é sério? #ForaDilma #ForaPT,fake,2014-04-10 12:42,0,0,https://twitter.com/PrSalomaoCarval/status/454283185791438848
339,4.5395449802602086e+17,ponte rio niteroi rachadura,Não é rachadura . É uma junta de dilatação da ponte rio niteroi,true,2014-04-09 14:56,0,0,https://twitter.com/nicsonolivier12/status/453954498026020864
5,1.1127197702253811e+18,lula forbes," LULA FOI INDICADO PELA REVISTA FORBES COMO O MAIOR LADRÃO DO MUNDO"" @AndreiaSadi @depjorgesolla @BohnGass @CarlosZarattini @HenriqueFontana @senadorhumberto @gleisi @alefrotabrasil @kimpkat @ptbrasil @PTnoSenado @DepMarcoMaia @brasil247 @cartacapital @ManuelaDavila @VEJA @UOL pic.twitter.com/m9zoZYo9lI""",fake,2019-04-01 11:14,0,0,https://twitter.com/AontonioMarco/status/1112719770225381376
41,1.1050111384027054e+18,aranto câncer,"#Câncer tem #CURA - planta ( #ARANTO ) Só morre de câncer quem não tem conhecimento. E nem conhece a planta ARANTO . Vejam isso meus irmãos.. vamos propagar esse vídeo para todos .. amém ?? Talvez você conheça alguém , ou... https://www. facebook.com/ronybar/posts/ 10155785416296205 …",fake,2019-03-11 4:42,0,0,https://twitter.com/RonyBar/status/1105011138402705408
181,1.1163172692007117e+18,dilma beleza 73,#Verificamos : É falso que Dilma Rousseff gastou R$ 73 milhões em salão de beleza https:// br.yahoo.com/noticias/verif icamos-e-falso-que-dilma-rousseff-gastou-r-73-milhoes-em-salao-de-beleza-192425468.html …,true,2019-04-11 9:29,0,0,https://twitter.com/SolracGo/status/1116317269200711681
183,1.1135207762406195e+18,israel helicopteros,#Verificamos : É falso que o Brasil comprou ou ganhou de Israel 15 helicópteros militares http:// bit.ly/2OHp51N Via Agência Lupa #fakenão #fakenews #FactCheck #CheckBR #SerMultimídia,true,2019-04-03 16:16,0,0,https://twitter.com/albertogpo/status/1113520776240619520
199,1.1113050572601793e+18,marielle assassino pt,"#sbtbrasil Depois que foi descoberto que o assassino de Marielle era do PT , parece que finalmente ela morreu Ninguém fala mais.",fake,2019-03-28 13:32,0,0,https://twitter.com/ivam_pinheiro/status/1111305057260179456
221,1.1105699542801613e+18,aranto câncer,"- Inês, mulher! Cê conhece essa planta aqui? - E aranto ou algo assim o nome, né? - Isso! Cura até câncer , menina! eu tô rindo, mas fico preocupada com essa velharada acreditando que uma planta cura o câncer .",true,2019-03-26 12:51,0,1,https://twitter.com/detoneys/status/1110569954280161280
230,1.0178217442693325e+18,aranto câncer,"01 - Câncer tem CURA - planta ( ARANTO ) Só morre de câncer quem não tem conhecimento. E nem conhece a planta ARANTO . Vejam isso meus irmãos.. vamos propagar esse vídeo para todos .. amém ?? Talvez você conheça alguém, ou... https://www. facebook.com/abrocha1/posts /1687850284646027 …",fake,2018-07-13 14:23,0,0,https://twitter.com/tambatur/status/1017821744269332482
269,1.1132015941857853e+18,israel helicopteros,"15 destes doados ao povo brasileiro, todos ficamos felizes, menos a esquerda nojenta. Aqueles que abençoam Israel tem a benção Eterno! Helicópteros AH-64 Apache Agora sim! https:// youtu.be/NsBU_xu_e_U via @YouTube",fake,2019-04-02 19:08,1,2,https://twitter.com/masoares44/status/1113201594185785351
341,29311318769.0,dilma beleza 73,"73 ,07% das urnas apuradas: Dilma 53,16%, Serra 46,84%. Apertado, mas tá beleza . #Eleições",true,2010-10-31 18:18,0,0,https://twitter.com/airisacco/status/29311318769
342,1.1066263924295967e+18,dilma beleza 73,73 milhões no salão de beleza e a Dilma não ficou bonita...,fake,2019-03-15 15:41,0,2,https://twitter.com/HelenaOliver181/status/1106626392429596672
391,1.028889625513939e+18,aranto câncer,"@boninho pesquise sobre uma planta chamada Aveloz ou também Aranto , são plantas que trouxeram cura do câncer para pessoas em fase terminal inclusive. A Ana pode tomar paralelo ao tratamento..Abraço",fake,2018-08-13 3:22,0,1,https://twitter.com/Bonamente2010/status/1028889625513938944
406,1.1163811521038829e+18,marina silva radares,@jairbolsonaro fiquei sabendo que você havia cancelado os 8 mil radares ... E a Marina Silva foi a justiça e consegui liberar! Como vai fazer a relação disso? Tá absurdo está acontecendo assim,fake,2019-04-11 13:43,0,0,https://twitter.com/ludson_martins/status/1116381152103882755
414,1.1134259713638973e+18,israel helicopteros,@sbtjornalismo mostra os helicópteros que o presidente Bolsonaro conseguiu do primeiro ministro de Israel para trazer ao Brasil para combater o crime nas favelas..,fake,2019-04-03 10:00,0,0,https://twitter.com/JooViit53004360/status/1113425971363897344
422,1.1070439948512664e+18,dilma beleza 73,"A Dilma gastou 73 milhões com um salão de beleza . Era para ela ficar parecida com a presidente da Croácia, no mínimo. https:// twitter.com/republica_ctba /status/1106714033783222272 …",fake,2019-03-16 19:20,0,0,https://twitter.com/AlexandreCSilv8/status/1107043994851266561
424,1.09510948559983e+18,lula forbes,A Forbes elegeu Dilma uma das mulheres mais poderosas do mundo e estampou a cara dela na capa. Não se iludam. Lula também já foi capa dessa revista.,true,2019-02-11 20:57,0,3,https://twitter.com/TatiSant_Anna/status/1095109485599830016
433,1.0605877647381135e+18,lula forbes,"A conceituada revista Forbes trouxe à tona esse tema, reputando a Lula a posse de uma fortuna pessoal estimada em mais de R$ 2 bilhões de dólares.... https:// gazetapolitica.com/2018/01/28/rev ista-forbes-revela-fortuna-bilionaria-de-lula-um-dos-mais-ricos-do-mundo/ …",fake,2018-11-08 14:40,0,0,https://twitter.com/Canabarroz/status/1060587764738113536
443,1.0699949899235164e+18,lula forbes,A fortuna de Lula de acordo com a Forbes ! https:// correntesdaescravidao.blogspot.com/2018/12/a-fort una-de-lula-de-acordo-com-forbes.html …,true,2018-12-04 13:40,0,0,https://twitter.com/edsonreis51/status/1069994989923516416
445,1.1139045270805912e+18,lula forbes,"A informação é FALSA. O nome do ex-presidente @LulaOficial não está no ranking dos mais ricos do mundo elaborado pela revista Forbes em 2006. Naquele ano, 16 brasileiros figuraram na lista de bilionários, mas Lula não foi um deles. Confira em: http:// bit.ly/2UwvC4C . pic.twitter.com/W1KT6vUhLQ",true,2019-04-04 17:41,29,74,https://twitter.com/agencialupa/status/1113904527080591360
484,1.1078295015081082e+18,aranto câncer,ARANTO planta q cura câncer . Vejam este vídeo. https://www. facebook.com/10000046722373 8/posts/3089104594448418/ …,fake,2019-03-18 23:21,0,0,https://twitter.com/KlaudinhaKakau/status/1107829501508108289
489,1.1177420740555488e+18,israel helicopteros,"Acabei de compartilhar um conteúdo no Facebook que dizia que Israel havia do lado 15 helicópteros para as forças armadas brasileiras... Tomei na tarraqueta. É isso que dá compartilhar conteúdo pela emoção, não verifiquei nem sequer a fonte, logo eu que não caio em fake news...",true,2019-04-15 7:50,0,0,https://twitter.com/SidMendes3/status/1117742074055548929
626,1.1098271581077135e+18,marielle assassino pt,"Alguém já percebeu que a Globo e a esquerda pararam de falar tanto na Marielle ? O motivo? Ah, descobriram que o assassino e o mandante são de um partido puxadinho do PT . Que coisa, não? Parece que para eles a Marielle , finalmente, morreu!",fake,2019-03-24 11:39,1,0,https://twitter.com/rezendeelielson/status/1109827158107713541
666,1.0653811141041645e+18,aranto câncer,Aprenda a fazer o suco de ARANTO da maneira correta para a CURA do câncer . Créditos ao Canal do Lula de Marcos Moura no YouTube https://www. facebook.com/laercio.santos demelo/posts/1998056680262432 …,fake,2018-11-21 20:07,0,0,https://twitter.com/laerciosantos18/status/1065381114104164352
669,1.111058252182229e+18,marielle assassino pt,"Após o surgimento da suspeita de que o assassino de Marielle era do PT , parece que finalmente ela morreu. Ninguém fala mais.",fake,2019-03-27 21:11,0,1,https://twitter.com/narryvan/status/1111058252182228995
678,7.78001193272537e+17,aranto câncer,"Aranto / Além de atuar no tratamento de câncer , ela é ótima para curar doenças da pele, lesões, feridas... http:// fb.me/4kwx48FZQ",fake,2016-09-19 19:41,0,0,https://twitter.com/COLOSSALCOLOSSA/status/778001193272537088
690,1.1016620367805683e+18,aranto câncer,Aranto a planta usada para combater sérios problemas de saúde principalmente o câncer http:// gilmoreira.com/index.php/2019 /03/01/aranto-a-planta-usada-para-combater-serios-problemas-de-saude-principalmente-o-cancer/ …,fake,2019-03-01 22:54,0,0,https://twitter.com/gcruzmoreira/status/1101662036780568576
696,9.490168403527885e+17,aranto câncer,"Aranto cura o câncer e muitas outras doenças, dizem as pesquisas! #TopbuzzBrasil http://www. topbuzz.com/article/i65048 43243702714890?impr_id=6507297237918304522&gid=6504843243702714890&user_id=6437966540242420746&app_id=1116&c=tw&language=pt …",fake,2018-01-04 17:37,0,0,https://twitter.com/Deniterencio/status/949016840352788480
708,1.093135959443542e+18,aranto câncer,"Aranto indicado para o tratamento contra o câncer , o aranto também serve para curar doenças de pele, lesões, feridas, gangrenas e hemorragias. ... Devido ao seu efeito sedativo, diz-se ainda que o aranto ajuda a tratar problemas psicológicos, como por exemplo a esquizofrenia. pic.twitter.com/QNu0TTxu0V",fake,2019-02-06 10:14,0,1,https://twitter.com/amaro_gledson/status/1093135959443542016
743,1.1060111175397376e+18,marielle assassino pt,Assassino da Marielle é apoiador do Lula e PT . pic.twitter.com/vJJasWeUwU,fake,2019-03-13 22:56,0,0,https://twitter.com/DanielZ06653228/status/1106011117539737606
777,1.120104715595989e+18,marina silva radares,BICHO OLHA O NÍVEL DA FAKE NEWS É falso que Marina Silva entrou na Justiça para garantir a instalação de 8 mil radares https:// piaui.folha.uol.com.br/lupa/2019/04/1 7/verificamos-marina-radares/ …,true,2019-04-21 20:19,12,50,https://twitter.com/JenioQuadros/status/1120104715595988994
778,1.1058613976138136e+18,marielle assassino pt,BOA TARDE ! #BolsonaroTemRazão Olha aí a camisa do assassino da Marielle . Eleitor do PT e do Lula. Dizer mais o que.... https://www. facebook.com/antoniogoncalv eslages.lages/posts/2123281837787886 …,fake,2019-03-13 13:01,0,0,https://twitter.com/AntnioLa/status/1105861397613813761
824,1.1133719921058488e+18,israel helicopteros,"Bradil ganha de presente de Israel 15, helicópteros AH-64 Apache, o mais avançado para combater o crime organizado. Assim vai surgindo um novo… https://www. instagram.com/luizamerico21/ p/Bvyc0zwBCPxiVp3BXMHosGcIJpdBMuL7dmSK000/?utm_source=ig_twitter_share&igshid=dcmin1kh6czv …",fake,2019-04-03 6:25,0,0,https://twitter.com/LuizAmericoBR/status/1113371992105848832
826,1.1133807575343309e+18,israel helicopteros,"Brasil ganha de presente de Israel 15, helicópteros AH-64 Apache, o mais avançado para combater o crime organizado.. Fruto de um novo Brasil.. https://www. facebook.com/1650742130/pos ts/10211077661571366/ …",fake,2019-04-03 7:00,4,5,https://twitter.com/Real_Xandao/status/1113380757534330880
828,1.1136700911812526e+18,israel helicopteros,"Brasil ganha de presente de Israel 15, helicópteros AH-64 Apache, o mais avançado para combater o crime organizado.. Vagabundo não tem vez !!!",fake,2019-04-04 2:10,0,1,https://twitter.com/sergiosouzabsb/status/1113670091181252608
851,4.491905868187648e+17,dilma beleza 73,"CPI da Petrobrás e queda de popularidade da DILMA causam isso. Veja q beleza : PETR3+5, 73 %; PETR4+5,69%; BB+6,39%; ELET3+10,53% e ELET6+5,76%",true,2014-03-27 11:25,0,0,https://twitter.com/garimpodeacoes/status/449190586818764800
866,9.574576263208179e+17,lula forbes,Caraca Acreditem . Forbes : Fortuna pessoal de Lula é estimada em 2 Bilhões de dólares!,fake,2018-01-28 0:37,0,0,https://twitter.com/fyatti1/status/957457626320818176
872,1.06566707492676e+18,lula forbes,"Chame-o do que você é! Quem é o fascista??? Lula na forbes com um dos mais ricos do mundo, sua fortuna ultrapassa a sigla dos BILHÕES DE DÓLARES! https:// gazetapolitica.com/2018/01/28/rev ista-forbes-revela-fortuna-bilionaria-de-lula-um-dos-mais-ricos-do-mundo/?fbclid=IwAR3J-2cG0n1cdx_8tZQHPXHE2d_PbsrqLJf3MJDVRck5rRQqVBiOAbV6h-o …",fake,2018-11-22 15:03,0,0,https://twitter.com/ahocosta/status/1065667074926759937
928,1.109875541195264e+18,lula forbes,"Coxinha merece estudo. Ele espalha que Lula e seus filhos são milionários, a gente pergunta onde ele viu isso e ele diz que foi capa da Forbes . Então a gente mostrou que a capa era falsa mas eles continuaram... https://www. facebook.com/miriam.moraes. 05/posts/2432270856783539 …",true,2019-03-24 14:52,4,4,https://twitter.com/MiriamMMorais20/status/1109875541195264000
951,1.1186672307560776e+18,israel helicopteros,DIZEM QUE ISRAEL DOOU 15 HELICÓPTEROS PRA O BRASIL DURANTE A VISITA DE BOLSONARO A ISRAEL . Mentiras descabidas. https://www. boatos.org/brasil/israel- doou-helicopteros-guerra-brasil.html … .,true,2019-04-17 21:07,0,0,https://twitter.com/jocelio_sales/status/1118667230756077573
957,9.625198837696224e+17,lula forbes,"De acordo com a metodologia da FORBES , existem alguns bilionários que são políticos, Lula não é um dos... https:// fb.me/3yE8cTVAt",true,2018-02-10 23:53,0,0,https://twitter.com/siamarr/status/962519883769622529
1012,1.1070610976207994e+18,marielle assassino pt,E agora PTralhas? O assassino de Marielle é membro da organização criminosa PT e ainda usa camisa com a foto do líder criminoso preso. #CHUPAPTralhas,fake,2019-03-16 20:28,0,0,https://twitter.com/GiovaniCamargo0/status/1107061097620799489
1035,1.1131610703850045e+18,israel helicopteros,"ENQUANTO CUBA, VENEZUELA, ENTRE OUTROS NOS DÃO CALOTE, ISRAEL NOS DA HELICÓPTEROS ! #DIGANÃOAJUMENTISSE",fake,2019-04-02 16:27,0,0,https://twitter.com/nildoracine/status/1113161070385004545
1157,1.1083235453550428e+18,dilma beleza 73,"Enquanto isto um salão de beleza que @dilmabr frequentava recebeu a bagatela de 73 milhões de reais , esta mesma Coaf não divulgou nada",fake,2019-03-20 8:04,0,0,https://twitter.com/Edson_inovee/status/1108323545355042819
1188,1.1138200010546584e+18,aranto câncer,Esta planta cura vários tipos de câncer Hoje vamos falar sobre uma planta chamada Aranto (Kalanchoe daigremontiana) também conhecida como flor da fortuna. Nativa de Madagascar e introduzida no Brasil pelos... https:// business.facebook.com/mensagensana/p osts/2378001202429095 …,fake,2019-04-04 12:05,0,0,https://twitter.com/anafahd2013_de/status/1113820001054658563
1209,1.1092076143893997e+18,lula forbes,"Eu creio que o PT roubou mais em menos tempo , em 8 anos Lula fez o pé de meia bilionário (somando a fortuna da família passa de 4 bilhões , Revista Forbes )",fake,2019-03-22 18:37,0,0,https://twitter.com/Tom_brz/status/1109207614389399552
1211,1.1033254282012795e+18,lula forbes,Eu gostaria de saber é como o Lula figura na revista Forbes com uma fortuna em torno de 2 bilhões de reais ? Será que foi herança da Marisa Letícia também ?,fake,2019-03-06 13:04,0,0,https://twitter.com/copjoao/status/1103325428201279491
1234,1.0805260762904984e+18,aranto câncer,Existem dois chás que auxiliam na cura do câncer : Aranto e Graviola. Peça para ele tomar!,fake,2019-01-02 15:07,0,0,https://twitter.com/rhrabelo/status/1080526076290498560
1279,1.1221340009974784e+18,aranto câncer,"Folhas de aranto são aliadas contra o câncer – Aranto planta que cura câncer . Originário da ilha de Madagascar, na África, o aranto foi trazido para a América pelos escravos que, já naquela época, sabiam dos seus benefícios. http:// videosnoyoutube.sharedalink.me/v2bmP",fake,2019-04-27 10:42,0,0,https://twitter.com/jancarle/status/1122134000997478401
1289,9.574577376418734e+17,lula forbes,Forbes : Fortuna pessoal de Lula é estimada em 2 Bilhões de dólares! https:// fb.me/8mifnmIsI,fake,2018-01-28 0:38,0,0,https://twitter.com/fyatti1/status/957457737641873409
1418,1.1080543130106755e+18,dilma beleza 73,Governo DILMA / TEMER pagou R$ 73 milhões a salão de beleza no agreste de Pernambuco https://www. ricardoantunes.com.br/noticias/2297/ governo-pagou-r-73-milhoes-a-salao-de-beleza-no-agreste-de-pernambuco …,fake,2019-03-19 14:15,2,3,https://twitter.com/Ca_Moredi/status/1108054313010675712
1420,1.1131778158585075e+18,israel helicopteros,Governo israelense faz doação de 15 Helicópteros AH-64 para o Brasil durante visita de Bolsonaro à Israel . https://www. facebook.com/paulo.costa.52 03/videos/1853082438130949/ …,fake,2019-04-02 17:34,0,0,https://twitter.com/paulocncosta/status/1113177815858507776
1485,1.107086961397977e+18,dilma beleza 73,"Herança petista: Salão de beleza recebeu R$ 73 milhões por serviços de tecnologia, gastança com dinheiro público envolvendo contratos milionários com o salão de beleza iniciou na era Dilma Rousseff.Todos os Direitos Reservados para República de Curitiba. http:// republicadecuritiba.net/2019/03/15/her anca-petista-salao-de-beleza-recebeu-r-73-milhoes-por-servicos-de-tecnologia/ …",fake,2019-03-16 22:11,3,6,https://twitter.com/Lope2Josue/status/1107086961397977089
1705,1.1157106322911107e+18,israel helicopteros,"Israel doa 15 helicópteros AH 64 para o Brasil... Esse helicóptero é considerado o mais poderoso do mundo em ataque ao solo... Frutos do empenho do nosso presidente, enquanto o PT saqueava nosso dinheiro, Bolsonaro resgata gratuitamente reforços para nossas Forças Armadas.... pic.twitter.com/Lszu3uc1y5",fake,2019-04-09 17:18,0,2,https://twitter.com/ELIASDE24188580/status/1115710632291110915
1708,1.1229349490642042e+18,israel helicopteros,"Israel doou 15 helicópteros AH-64 ! Ele retalha na hora a origem do tiro. A bandidagem agora vai virar picadinho de queijo suíço. Se cuide, bandido ! O extermínio está chegando. Se quiser viver vai ter que mudar de profissão. pic.twitter.com/oOPgEqC2qN",fake,2019-04-29 15:45,2,2,https://twitter.com/CleriaOliveir10/status/1122934949064204288
1715,1.1182419179874468e+18,israel helicopteros,"Israel doou helicópteros AH-64 para o Brasil! Ele retalha na hora a origem do tiro. Só canhão de artilharia o derruba, mas é muito difícil devido a sua velocidade. Se cuide, bandido ! O exterminador, está chegando! pic.twitter.com/LgPVqSXi9p",fake,2019-04-16 16:57,7,16,https://twitter.com/MundongoOscar/status/1118241917987446786
1917,1.106900715614679e+18,dilma beleza 73,Mano. Não sabia que o cabelo da @dilmabr era tão ruim que precisa de alta tecnologia no salão de beleza . Mas 73 milhões não é exagero? Claro que o @ptbrasil vai dizer que era necessário para manter a boa aparência do país. https:// twitter.com/republica_ctba /status/1106714033783222272 …,fake,2019-03-16 9:51,0,0,https://twitter.com/Marcos2rr/status/1106900715614679043
2021,1.1132587074444902e+18,israel helicopteros,NOSSO PRESIDENTE TRABALHA COM AMOR POR NOSSO BRASIL Israel doou 15 helicópteros AH-64 Agora sim! Vamos ver quem vai ser macho de ficar fazendo palhaçada de fuzil e .50 na favela! Ganhamos 15 helicópteros AH-64 Apache. pic.twitter.com/GK9PSwld29,fake,2019-04-02 22:55,0,0,https://twitter.com/nutafnutaf2/status/1113258707444490240
2144,1.1163807060396319e+18,marina silva radares,"O PR @jairbolsonaro quer acabar com mais de 8.000 radares e vem um Senador(Fabiano Contarato), Esquerdista, da REDE, partido de Marina Silva , entrar com pedido na justiça para obrigar o governo a implantar os radares . Realmente a Esquerda soh quer ferrar o povo msm.",fake,2019-04-11 13:41,1,2,https://twitter.com/fernandopaiva5/status/1116380706039631872
2234,1.1153347283480001e+18,aranto câncer,"O site local anuncia a cura de uma paciente de câncer , supostamente em estado terminal, por Aranto , uma planta medicinal. Eu fico feliz pela recuperação da moça, mas a propagação da notícia, sem comprovação científica, é de uma irresponsabilidade bem grande.",true,2019-04-08 16:24,0,5,https://twitter.com/katiaandrade/status/1115334728348000256
2271,1.1062814724057496e+18,marielle assassino pt,"Os panacas estão postando uma montagem, um homem com camisa do Lula, dizendo que esse é o miliciano assassino da Marielle , que é um infiltrado do PT . Fundo do poço total, imagina o zap zap. Tem que fazer alguma coisa!",true,2019-03-14 16:50,0,3,https://twitter.com/tatiartes78/status/1106281472405749765
2294,9.083861871608013e+17,aranto câncer,PLANTA QUE CURA CANCER ARANTO COMO USAR http:// fb.me/1G4NnGlJG,fake,2017-09-14 14:45,0,0,https://twitter.com/jorgedepilares/status/908386187160801280
2365,1.1215224660342659e+18,israel helicopteros,"Parabéns Presidente Jair!! Israel doou 15 helicópteros AH-64 !Quero ver os bandidos das favelas derrubarem esse avião. Ele retalha na hora a origem do tiro. Só canhão de artilharia o derruba , mas é mto difícil devido a velocidade. Se quiser viver vai ter que mudar de profissão. pic.twitter.com/Xrm4cwZcca",fake,2019-04-25 18:12,0,0,https://twitter.com/galegacns1/status/1121522466034266112
2394,1.1191847804138208e+18,aranto câncer,"Planta de aranto cura câncer ? NÃO COMPARTILHE, pois além de a informação ser FALSA, pode levar algumas pessoas a óbito! Saiba mais: https://www. boatos.org/saude/planta-a ranto-cura-cancer.html … #SaúdeÉCoisaSéria pic.twitter.com/ZXSUGbBhEN",true,2019-04-19 7:23,0,0,https://twitter.com/Arq_MauTavaresS/status/1119184780413820934
2443,1.1168054526024579e+18,marina silva radares,"Presidente Bolsonaro, é triste vê-lo dar uma ordem e vir atrás uma desqualificada como Marina Silva e tentar derrubar o que você ordenou a respeito dos radares novos nas estradas. Vai ficar por isto mesmo? Ou vai calar a boca dela? Você e toda sua equipe são a nossa esperança.",fake,2019-04-12 17:49,0,0,https://twitter.com/junqueiralemos1/status/1116805452602458112
2483,1.1164008126227905e+18,marina silva radares,Quero saber porque que o senhor presidente manda tirar os radares e vem a outra Marina Silva e manda colocar que país e esse que presidente não manda em nada que droga de pais ... alguém pode me responder . https:// twitter.com/jairbolsonaro/ status/1116157993127763968 …,fake,2019-04-11 15:01,0,0,https://twitter.com/Selma50637470/status/1116400812622790656
2490,1.1069096721230602e+18,dilma beleza 73,"R$ 73 .000.000,00 entregues á um salão de beleza Dilma ? Responde aí!! https:// republicadecuritiba.net/2019/03/15/her anca-petista-salao-de-beleza-recebeu-r-73-milhoes-por-servicos-de-tecnologia/ …",fake,2019-03-16 10:26,0,1,https://twitter.com/elton_aranha/status/1106909672123060224
2582,9.989035878655507e+17,lula forbes,"Revista Forbes revela fortuna bilionária de Lula . Um dos mais ricos do mundo"". http://www. odetetive.com/2018/01/revist a-forbes-revela-fortuna.html …""",fake,2018-05-22 9:29,0,0,https://twitter.com/fredy3777/status/998903587865550850
2839,1.0631361806471496e+18,lula forbes,"Revista Forbes revela fortuna bilionária de Lula . Um dos mais ricos do mundo"". https:// gazetapolitica.com/2018/01/28/rev ista-forbes-revela-fortuna-bilionaria-de-lula-um-dos-mais-ricos-do-mundo/ … Min. Sérgio Moro nele!!! Vasculhe tudo e repatrie valores das contas no exterior !""",fake,2018-11-15 15:26,0,1,https://twitter.com/j_maete/status/1063136180647149569
3083,1.0619643571422657e+18,lula forbes,Revista Forbes revela fortuna bilionária de Lula . “Um dos mais ricos do mundo”. :: Perfil Investimento https://www. perfilinvestimento.com/l/revista-forb es-revela-fortuna-bilionaria-de-lula-um-dos-mais-ricos-do-mundo/ … via @webnode,fake,2018-11-12 9:50,0,0,https://twitter.com/Vanjjo/status/1061964357142265857
3112,1.1067604943780905e+18,dilma beleza 73,Salão de beleza recebeu R$ 73 milhões por serviços de tecnologia no governo Dilma .,fake,2019-03-16 0:33,0,0,https://twitter.com/Elisio741/status/1106760494378090496
3148,1.0989177274635305e+18,lula forbes,"Segundo a revista americana Forbes , o Lula tem um patrimônio de 2 bilhões de dólares. Nem sei quanto é isso em dinheiro! Rsrsrs.",fake,2019-02-22 9:09,0,1,https://twitter.com/Marushi18/status/1098917727463530498
3319,1.1195821838475305e+18,israel helicopteros,"Tropa de elite 3 em breve no rio de janeiro, o exército de Israel faz doação de helicópteros pra ajudar no policiamento ostensivo! pic.twitter.com/ngemIAhErV",fake,2019-04-20 9:42,0,2,https://twitter.com/MarcioPaulopin1/status/1119582183847530496
3409,1.0719777971812352e+18,lula forbes,"Vamos parar não cola isso mais , onde estavam vcs quando o Lula segundo a revista forbes de 2006 dizia ter uma fortuna de 2 bilhões. Como ele ficou tão rico ? Explica aí?",fake,2018-12-10 0:59,1,0,https://twitter.com/Nina43232626/status/1071977797181235200
3433,9.5902398129784e+17,lula forbes,"Via @estadao : Forbes esclarece viral que colocava Lula entre bilionários do ano - http:// politica.estadao.com.br/noticias/geral ,forbes-esclarece-viral-que-colocava-lula-entre-bilionarios-do-ano,1067141 …",true,2018-02-01 8:21,0,0,https://twitter.com/r_braulio/status/959023981297840129
3553,1.1178351085627433e+18,dilma beleza 73,[Agência Lupa] #Verificamos : É falso que Dilma Rousseff gastou R$ 73 milhões em salão de beleza https:// piaui.folha.uol.com.br/lupa/2019/04/1 0/verificamos-dilma-rousseff-salao-beleza/ …,true,2019-04-15 14:00,0,0,https://twitter.com/Cabral1957Paulo/status/1117835108562743296
3556,1.1190446608806052e+18,israel helicopteros,[Agência Lupa] #Verificamos : É falso que o Brasil comprou ou ganhou de Israel 15 helicópteros militares https:// piaui.folha.uol.com.br/lupa/2019/04/0 3/verificamos-helicopteros-israel/ …,true,2019-04-18 22:06,0,0,https://twitter.com/daniboghossian/status/1119044660880605184
3583,1.1163292680223169e+18,dilma beleza 73,como caralhos a Dilma gastaria 73 MILHÕES DE REAIS em salão de beleza ????,fake,2019-04-11 10:16,0,2,https://twitter.com/beabarb_/status/1116329268022317056
3588,1.0733373338842931e+18,aranto câncer,"dicas de saúde: conheça o aranto , que é a planta que cura cancer",fake,2018-12-13 19:02,0,0,https://twitter.com/contesamuel/status/1073337333884293121
3594,1.1192657926783425e+18,lula forbes,"espalhar fakenews é feio. procurei o link da Forbes dando esses bilhões pro Lula e não encontrei. por isso vocês acreditam em tantas mentiras, ficam propagando notícias falsas sem checar a fonte apenas porque a mentira lhes convém. covardes.",true,2019-04-19 12:45,2,8,https://twitter.com/detremura/status/1119265792678342658
3706,1.1135307470282221e+18,lula forbes,É #FAKE que Lula aparece na lista de mais ricos do mundo da revista Forbes . #FatoouFake http:// glo.bo/2uK0dNN pic.twitter.com/6B1qIFc9rB,true,2019-04-03 16:56,15,25,https://twitter.com/OGloboPolitica/status/1113530747028221958
3721,1.115682876316631e+18,dilma beleza 73,É falso que Dilma gastou R$ 73 milhões em salão de beleza . Leia mais em: http:// bit.ly/2P0tFZ4 via Aos Fatos | Em busca da verdade na política. #fakenão #fakenews #FactCheck #CheckBR #SerMultimidia,true,2019-04-09 15:28,0,0,https://twitter.com/albertogpo/status/1115682876316631044
3723,1.1135308732765592e+18,israel helicopteros,É falso que Israel doou ao Brasil 15 helicópteros ; vídeo mostra aeronave turca - Aos Fatos http:// dlvr.it/R26Vcx,true,2019-04-03 16:57,0,0,https://twitter.com/CamilaAguiarBR/status/1113530873276559361
3725,1.1142227697918034e+18,israel helicopteros,É falso que Israel doou ao Brasil 15 helicópteros ; vídeo mostra aeronave turca https:// aosfatos.org/noticias/e-fal so-que-israel-doou-ao-brasil-15-helicopteros-video-mostra-aeronave-turca/ … #factchecking via @aosfatos,true,2019-04-05 14:46,1,1,https://twitter.com/belaccioy/status/1114222769791803399
104,1.0905806082612797e+18,mourao globo corte verbas,O partido da extrema imprensa está desesperado . Ontem a Globo News estava lambendo as bolas do Mourão . Hoje estão plantando essas bizarrices. O corte das verbas estatais de publicidade para o grupo Globo pelo jeito será fatal...,fake,2019-01-30 9:00,0,1,https://twitter.com/romulo_cunh/status/1090580608261279744
105,1.0888763883027046e+18,mourao globo corte verbas,"O grande Brizola deve estar aplaudindo, em seu túmulo, ao presidente Jair Messias Bolsonaro e ao general Mourão pelo corte das verbas para a Rede Globo . pic.twitter.com/UDkpPipaIP",fake,2019-01-25 16:08,1,2,https://twitter.com/EraldoJocelito/status/1088876388302704640
106,1.0887967777367448e+18,mourao globo corte verbas,"G. Mourão corta 100% das verbas das mídias,Folha de S.Paulo,Estadão,GloboNews e O Globo podem decretar falência em alguns dias.A Globo tbm será drasticamente afetada com o corte ,perdendo cerca de 40% do orçamento total,claramente resultará na demissão de artistas e apresentadores.",fake,2019-01-25 10:52,0,2,https://twitter.com/Gian_Brasil10/status/1088796777736744960
1100,1.0949542769531658e+18,jean adelio repasse,"Gente, houve um repasse da conta de Jean Wyllys para a conta de Adélio Bispo de R$ 50.000,00. Uma semana antes do atentado, Adélio estava no gabinete de Maria do Rosário. Os mandantes foram Jean Wyllys é Maria do Rosário.",fake,2019-02-11 10:40,1,0,https://twitter.com/BrancaFrade/status/1094954276953165825
1101,1.0949513644201409e+18,jean adelio repasse,"Ei, se você não sabe, houve um repasse de dinheiro da conta de Jean Wyllys para a conta de Adélio Bispo de R$ 50.000,00. Jean Wyllys e Maria do Rosário são os mandantes do atentado.",fake,2019-02-11 10:28,1,4,https://twitter.com/BrancaFrade/status/1094951364420141056
1159,1.119706815355392e+18,jair time personalidade,É fake que Jair Bolsonaro foi escolhido personalidade do ano pela Revista Time https:// cbn.globoradio.globo.com/media/audio/23 2764/e-fake-que-jair-bolsonaro-foi-escolhido-personalid.htm?fbclid=IwAR0jdt_Fq39Fl71-g4ZbwoWTmfYh6YFhLXQJ_tHGmi2tH2ahNFc7mTOTxv0 …,true,2019-04-20 17:58,48,71,https://twitter.com/TomeiAbuso/status/1119706815355392000
1165,1.1196326698710465e+18,jair time personalidade,"Jair Bolsonaro não foi eleito Personalidade do Ano pela revista  Time "" https:// noticias.uol.com.br/confere/ultima s-noticias/2018/12/14/bolsonaro-nao-foi-eleito-personalidade-do-ano-pela-revista-time.htm?fbclid=IwAR0WzDRXhLXLXMKezrY9nW7vyGyfpS5QdHmM9hkXA62BnZdn5RFmLTtk1YQ …""",true,2019-04-20 13:03,0,0,https://twitter.com/DarthSitna/status/1119632669871046657
1233,1.1192761628685024e+18,jair time personalidade,"#BolsonaroTop100 Um homem, um mito, um fenômeno ! Ele começou sozinho e agora têm mais 58 milhões de brasileiros ao seu lado ! Personalidade do ano e top 100 da revista Time ! Sem delongas, com vocês @jairbolsonaro , Presidente do Brasil ! @governodobrasil @TIME pic.twitter.com/WDQ53CwQE6",fake,2019-04-19 13:26,2,2,https://twitter.com/Gavansky/status/1119276162868502528
1256,1.1192197353365626e+18,jair time personalidade,"Jair Bolsonaro não foi eleito Personalidade do Ano pela repeso.  Time "" @UOLNoticias @UOL https:// noticias.uol.com.br/confere/ultima s-noticias/2018/12/14/bolsonaro-nao-foi-eleito-personalidade-do-ano-pela-revista-time.htm …""",true,2019-04-19 9:42,0,0,https://twitter.com/joseorllando/status/1119219735336562688
1345,1.118650345830396e+18,jair time personalidade,"Por “ruptura com a corrupção”, apenas um brasileiro aparece entre os ‘100 mais influentes’ da revista ‘ Time ’. QUEM É ESSA INFLUENTE PERSONALIDADE ? JAIR MESSIAS BOLSONARO. Tbm apareceram Trump e Netanyahu. https://www. jornaldacidadeonline.com.br/noticias/14195 /por-ruptura-com-a-corrupcao-um-brasileiro-aparece-entre-os-100-mais-influentes-da-revista-time …",fake,2019-04-17 20:00,0,0,https://twitter.com/kohavitt/status/1118650345830395904
1405,1.090220620032426e+18,jair time personalidade,"Pessoal, a revista americana TIME incluiu Jair Bolsonaro para concorrer à PERSONALIDADE DO ANO. A PETRALHADA descobriu antes e ele tem apenas 3% de “YES” e 97% de “NO”! Vamos virar este jogo? É simples clique aqui e siga até ver Jair Bolsonaro. https:// discover.apester.com/media/5be40171 3cea78c501552c1a … PARTICIPE!",fake,2019-01-29 9:10,2,1,https://twitter.com/alcamorim/status/1090220620032425984
1480,1.0735903218151752e+18,jair time personalidade,"QUE COMECE O MIMIMI DOS BOLSOBURROS. Jair Bolsonaro não foi eleito Personalidade do Ano pela revista  Time "" https:// noticias.uol.com.br/confere/ultima s-noticias/2018/12/14/bolsonaro-nao-foi-eleito-personalidade-do-ano-pela-revista-time.htm … via @UOLNoticias @UOL""",true,2018-12-14 11:47,0,1,https://twitter.com/jorgetemer/status/1073590321815175169
1499,1.0727874133266186e+18,jair time personalidade,"Circula nas redes sociais uma foto da capa da revista Time com o presidente eleito Jair Bolsonaro como personalidade do ano. A imagem é #FAKE . A  Time "" escolheu os jornalistas mortos e presos como ""Pessoa do Ano"" de 2018. - É. Parece que a campanha eleitoral continua...""",true,2018-12-12 6:37,0,1,https://twitter.com/juidsonjoc/status/1072787413326618624
2011,1.1250223325091963e+18,bicarbonato cura câncer,Circulam pelas redes sociais publicações que afirmam que o bicarbonato de sódio ajudaria na cura de câncer . Os conteúdos também dizem que o câncer é um fungo. Confira em: http:// bit.ly/2H07gIO . pic.twitter.com/xKNgOBPBAV,true,2019-05-05 10:00,9,36,https://twitter.com/agencialupa/status/1125022332509196293
